sex,age_group,disease_id_from,disease_id_to,link_strength
Female,25-44,13,44,0.0035976587230138
Female,25-44,13,46,0.0099725511888809
Female,25-44,13,67,0.0026186148677323
Female,25-44,13,124,0.0079750041685729
Female,25-44,13,145,0.0087991015353688
Female,25-44,13,148,0.0091953722421119
Female,25-44,13,212,0.0025430978119895
Female,25-44,13,218,0.0024893009307463
Female,25-44,13,226,0.0063995130289855
Female,25-44,13,241,0.0072717370568036
Female,25-44,13,258,0.0067712629004045
Female,25-44,13,266,0.0084929947219216
Female,25-44,13,273,0.0071323925744595
Female,25-44,13,288,0.0136005073974213
Female,25-44,29,38,0.0008613971365303
Female,25-44,29,259,0.0089663163489109
Female,25-44,29,270,0.0019793084414879
Female,25-44,37,112,0.0034002362551431
Female,25-44,37,222,0.0118203396029434
Female,25-44,37,255,0.0075108998239932
Female,25-44,43,23,0.0021296092733938
Female,25-44,43,52,0.0044004771888542
Female,25-44,43,151,0.0042729698247644
Female,25-44,43,199,0.0021196166034533
Female,25-44,43,266,0.0091807228564994
Female,25-44,43,341,0.0021469546261523
Female,25-44,45,120,0.0013205011211923
Female,25-44,45,189,0.0026088327877848
Female,25-44,45,333,0.0008738762699408
Female,25-44,46,139,0.003633189580901
Female,25-44,46,145,0.0048425179475137
Female,25-44,46,222,0.0065368702477405
Female,25-44,46,272,0.002575957002083
Female,25-44,46,288,0.0084159985638612
Female,25-44,46,292,0.0044700992780162
Female,25-44,46,303,0.0058957695280735
Female,25-44,76,12,0.0021258369257867
Female,25-44,76,91,0.0054783608691165
Female,25-44,76,146,0.0200519785862647
Female,25-44,76,184,0.0021219471142855
Female,25-44,76,208,0.0104194313162792
Female,25-44,76,212,0.0046123263003223
Female,25-44,76,214,0.005504130208733
Female,25-44,76,226,0.0088141599804608
Female,25-44,76,230,0.0305032571732984
Female,25-44,76,239,0.007891785370064
Female,25-44,76,241,0.0049163273626905
Female,25-44,76,285,0.008566818522559
Female,25-44,76,290,0.0021693204495862
Female,25-44,76,293,0.0056284274813125
Female,25-44,76,312,0.0021796424494553
Female,25-44,76,332,0.0046583849822172
Female,25-44,77,122,0.0168451427306597
Female,25-44,77,124,0.0117940264232162
Female,25-44,77,153,0.0034223432541383
Female,25-44,77,324,0.0086857578208282
Female,25-44,77,355,0.0034443277003138
Female,25-44,80,17,0.0029349938699959
Female,25-44,80,65,0.0063403780768598
Female,25-44,80,71,0.0060396851490007
Female,25-44,80,78,0.0071128502867419
Female,25-44,80,183,0.0069394259128796
Female,25-44,80,196,0.0053447877826166
Female,25-44,80,234,0.0045785520678867
Female,25-44,117,37,0.0066469330657738
Female,25-44,117,71,0.0035792684723948
Female,25-44,117,86,0.0018962133976917
Female,25-44,117,93,0.0053522172487632
Female,25-44,117,115,0.003711355579586
Female,25-44,117,178,0.0037584063638813
Female,25-44,117,283,0.0019036070820761
Female,25-44,124,77,0.006528977813273
Female,25-44,124,111,0.0028148582044981
Female,25-44,124,119,0.0042698107491594
Female,25-44,124,135,0.0052239440164927
Female,25-44,124,137,0.003935613438392
Female,25-44,124,145,0.0121819019243725
Female,25-44,124,150,0.0042781209879044
Female,25-44,124,181,0.0040032665954327
Female,25-44,124,299,0.0076199745789815
Female,25-44,126,120,0.0028417826348273
Female,25-44,126,124,0.0082292304509754
Female,25-44,126,127,0.0092433593587002
Female,25-44,126,131,0.0053401072059142
Female,25-44,126,362,0.0029064574330014
Female,25-44,131,114,0.0038661847134127
Female,25-44,131,115,0.0040120399913376
Female,25-44,131,118,0.0020448990815985
Female,25-44,131,120,0.0038498862750745
Female,25-44,131,123,0.0054444805715239
Female,25-44,131,209,0.0040987272109223
Female,25-44,131,290,0.0041077512958781
Female,25-44,131,323,0.0039434712473868
Female,25-44,131,356,0.0056811430870899
Female,25-44,135,67,0.002049852377492
Female,25-44,135,96,0.003917705836195
Female,25-44,135,111,0.00629287806633
Female,25-44,135,142,0.0041532907552417
Female,25-44,135,145,0.0137644401136851
Female,25-44,135,146,0.0094460648726477
Female,25-44,135,165,0.0039420937520533
Female,25-44,135,178,0.0062124031197707
Female,25-44,135,195,0.0041700493128148
Female,25-44,135,239,0.012556221537502
Female,25-44,135,295,0.0038619233184966
Female,25-44,139,78,0.0047819884454936
Female,25-44,139,83,0.0041299219910203
Female,25-44,139,128,0.0025351700925552
Female,25-44,139,132,0.0035853729167326
Female,25-44,139,140,0.0235838823881273
Female,25-44,139,145,0.0146210314468987
Female,25-44,139,153,0.0038733717237307
Female,25-44,139,168,0.0082188996758329
Female,25-44,139,176,0.0025901228434963
Female,25-44,139,181,0.005001010323308
Female,25-44,139,208,0.0112582530590385
Female,25-44,139,226,0.006813451511394
Female,25-44,139,252,0.0037382163691962
Female,25-44,139,273,0.0046218242007706
Female,25-44,140,67,0.0026209469840351
Female,25-44,140,138,0.0024602976984737
Female,25-44,140,139,0.00499821114325
Female,25-44,140,145,0.006163022801346
Female,25-44,140,146,0.0065981355203
Female,25-44,140,178,0.0017341319401132
Female,25-44,140,189,0.0034963832451537
Female,25-44,140,190,0.0066068549798424
Female,25-44,140,223,0.0041377613232943
Female,25-44,140,234,0.0017643559784998
Female,25-44,140,261,0.0016532136842778
Female,25-44,144,13,0.005325680844335
Female,25-44,144,71,0.0025342350371414
Female,25-44,144,117,0.008681139178872
Female,25-44,144,119,0.0025503501819108
Female,25-44,144,135,0.0039186784967996
Female,25-44,144,145,0.0079209199430044
Female,25-44,144,153,0.0025327811383443
Female,25-44,144,184,0.0018191712811828
Female,25-44,144,193,0.0032144678610213
Female,25-44,144,206,0.0017955263387415
Female,25-44,144,218,0.001740625270537
Female,25-44,144,260,0.0027773346297365
Female,25-44,144,270,0.0025476898354542
Female,25-44,144,354,0.0026306275025768
Female,25-44,145,2,0.0022646664274047
Female,25-44,145,76,0.0044613133442161
Female,25-44,145,108,0.0065758439562473
Female,25-44,145,110,0.0028541364924252
Female,25-44,145,120,0.0020387553041029
Female,25-44,145,135,0.0037846581636207
Female,25-44,145,137,0.0040329740223617
Female,25-44,145,139,0.0079504188202695
Female,25-44,145,140,0.0069801863289695
Female,25-44,145,144,0.0072033639269148
Female,25-44,145,146,0.0108278558913583
Female,25-44,145,149,0.0014263403990426
Female,25-44,145,159,0.0032822266985226
Female,25-44,145,164,0.0086772348989414
Female,25-44,145,178,0.0020075630857052
Female,25-44,145,192,0.0056468963193845
Female,25-44,145,212,0.0014358416827765
Female,25-44,145,220,0.0027079499828962
Female,25-44,145,222,0.009977267491839
Female,25-44,145,224,0.0020788693108008
Female,25-44,145,258,0.00417613139874
Female,25-44,145,259,0.0124080522002654
Female,25-44,145,301,0.0059876982562956
Female,25-44,145,317,0.003711602068517
Female,25-44,145,368,0.0030924844440228
Female,25-44,146,28,0.0036168211428735
Female,25-44,146,71,0.0030965468516351
Female,25-44,146,76,0.017690709295519
Female,25-44,146,113,0.0023272628890077
Female,25-44,146,124,0.005285149745647
Female,25-44,146,148,0.0091887395102146
Female,25-44,146,164,0.0086034582235837
Female,25-44,146,184,0.0014909043975089
Female,25-44,146,191,0.005166995608945
Female,25-44,146,198,0.0076908839985528
Female,25-44,146,208,0.0075463359770293
Female,25-44,146,213,0.0015894200323802
Female,25-44,146,214,0.0046910726381102
Female,25-44,146,222,0.0077704346696857
Female,25-44,146,230,0.0071492846440794
Female,25-44,146,255,0.0050548907692384
Female,25-44,146,288,0.0100854031723366
Female,25-44,146,299,0.0105990145373841
Female,25-44,146,301,0.0048971159547432
Female,25-44,146,324,0.0105775045492256
Female,25-44,148,61,0.0013751919327675
Female,25-44,148,140,0.0049086751853675
Female,25-44,148,145,0.0083885442463778
Female,25-44,148,146,0.0047342509250102
Female,25-44,148,151,0.0018379460035396
Female,25-44,148,181,0.0035322216997521
Female,25-44,148,198,0.0040217575439672
Female,25-44,148,220,0.0022308761720842
Female,25-44,148,241,0.0028003688443293
Female,25-44,148,253,0.0051835929758486
Female,25-44,148,284,0.0030471763049006
Female,25-44,148,288,0.0133637369937706
Female,25-44,148,297,0.0035390594960455
Female,25-44,148,299,0.0059008288144634
Female,25-44,148,300,0.0062452461400603
Female,25-44,148,301,0.008540603019035
Female,25-44,148,303,0.0118789580036207
Female,25-44,148,333,0.002049836655206
Female,25-44,164,11,0.001022617750117
Female,25-44,164,30,0.0011021660012923
Female,25-44,164,86,0.0011072935289015
Female,25-44,164,112,0.0025065148178523
Female,25-44,164,145,0.0089706014163841
Female,25-44,164,146,0.0054370169887623
Female,25-44,164,151,0.0021332007328974
Female,25-44,164,163,0.0010537319922212
Female,25-44,164,166,0.0020143195031937
Female,25-44,164,168,0.0109179456663769
Female,25-44,164,169,0.0026674744906828
Female,25-44,164,181,0.0041757471267081
Female,25-44,164,183,0.0042728872561474
Female,25-44,164,198,0.0060240650594877
Female,25-44,164,208,0.0067829112879851
Female,25-44,164,213,0.0016345174268596
Female,25-44,164,218,0.0015983243903778
Female,25-44,164,223,0.0063184630637367
Female,25-44,164,230,0.0070762298049439
Female,25-44,164,259,0.010990837243163
Female,25-44,164,264,0.0024199601711633
Female,25-44,164,268,0.0030815075806084
Female,25-44,164,272,0.0032266950486388
Female,25-44,164,288,0.0087786711650327
Female,25-44,164,299,0.0046433617202553
Female,25-44,168,29,0.0096609354326928
Female,25-44,168,35,0.001489180206615
Female,25-44,168,65,0.0015347972642851
Female,25-44,168,101,0.0030683482780295
Female,25-44,168,112,0.0027726242633378
Female,25-44,168,137,0.0051171515275217
Female,25-44,168,149,0.0023299842589346
Female,25-44,168,164,0.0106951005297952
Female,25-44,168,166,0.0029004187074901
Female,25-44,168,167,0.0040290870413753
Female,25-44,168,171,0.002276650704381
Female,25-44,168,178,0.003039616982056
Female,25-44,168,199,0.0015143260258766
Female,25-44,168,207,0.0035610593059258
Female,25-44,168,211,0.003096573650249
Female,25-44,168,222,0.0079929998534958
Female,25-44,168,223,0.0041610955707257
Female,25-44,168,259,0.0124745072766109
Female,25-44,168,338,0.003505261974203
Female,25-44,168,287288,0.001525940110801
Female,25-44,182,45,0.0076258748396489
Female,25-44,182,119,0.0029930746603736
Female,25-44,182,183,0.0039341625720189
Female,25-44,183,11,0.0019290269392914
Female,25-44,183,37,0.0069857480065943
Female,25-44,183,71,0.0038304340191347
Female,25-44,183,76,0.0086137937988103
Female,25-44,183,91,0.003736697751067
Female,25-44,183,146,0.0113401200679979
Female,25-44,183,148,0.014231577304067
Female,25-44,183,150,0.0058901114992142
Female,25-44,183,261,0.0061006710206814
Female,25-44,183,272,0.0053924362722855
Female,25-44,189,118,0.0035235305897636
Female,25-44,189,190,0.0096503860088548
Female,25-44,189,253,0.0109030111046151
Female,25-44,189,261,0.0032553273985524
Female,25-44,190,72,0.0013793338287212
Female,25-44,190,140,0.0212191946811555
Female,25-44,190,149,0.0013555214926416
Female,25-44,190,189,0.0092629957553908
Female,25-44,190,198,0.0064629293583954
Female,25-44,190,271,0.0013901633643247
Female,25-44,190,303,0.0072838680477231
Female,25-44,190,239255,0.0019537398201081
Female,25-44,191,8,0.0018772925630619
Female,25-44,191,61,0.0019014830943762
Female,25-44,191,83,0.001953960711376
Female,25-44,191,91,0.0027262735153497
Female,25-44,191,118,0.0020032691696839
Female,25-44,191,258,0.0080722234853974
Female,25-44,191,324,0.0096353760497862
Female,25-44,191,362,0.0028282121043026
Female,25-44,192,38,0.0013966380711531
Female,25-44,192,144,0.0052870293672378
Female,25-44,192,145,0.0080507410111035
Female,25-44,192,146,0.0056851826071298
Female,25-44,192,191,0.004911482393835
Female,25-44,192,193,0.0035731107126918
Female,25-44,192,195,0.0020268475414292
Female,25-44,192,198,0.0087286050647136
Female,25-44,192,208,0.012388375630929
Female,25-44,192,288,0.0099070639006255
Female,25-44,192,290,0.0013580970988448
Female,25-44,192,301,0.0049174810454427
Female,25-44,192,324,0.0140840768892091
Female,25-44,192,354,0.001957655280907
Female,25-44,198,59,0.0019882416530581
Female,25-44,198,116,0.0019338364316706
Female,25-44,198,124,0.0071538027247145
Female,25-44,198,146,0.0134936649827391
Female,25-44,198,147,0.0020329913463202
Female,25-44,198,159,0.0047920416527118
Female,25-44,198,171,0.0019947017992044
Female,25-44,198,192,0.0151336245082733
Female,25-44,198,193,0.0032411612315162
Female,25-44,198,195,0.0018756775954197
Female,25-44,198,197,0.0031170912375477
Female,25-44,198,293,0.0051300495437734
Female,25-44,198,324,0.0206476520744101
Female,25-44,198,326,0.003143444466593
Female,25-44,198,332,0.0052538525277038
Female,25-44,208,11,0.0034578214524457
Female,25-44,208,132,0.0038106550434839
Female,25-44,208,137,0.0027798585376113
Female,25-44,208,139,0.0053496921804596
Female,25-44,208,140,0.0064428114632584
Female,25-44,208,145,0.0087172115488289
Female,25-44,208,146,0.0095278910434553
Female,25-44,208,153,0.0022495418093863
Female,25-44,208,164,0.0168401000972976
Female,25-44,208,213,0.0034039527574715
Female,25-44,208,218,0.0023856365792776
Female,25-44,208,219,0.0061868803290654
Female,25-44,208,222,0.0140709650637467
Female,25-44,208,223,0.0051413471159544
Female,25-44,208,226,0.0060366228872059
Female,25-44,208,229,0.0023710307723582
Female,25-44,208,230,0.0111583187184092
Female,25-44,208,231,0.0016492245877648
Female,25-44,208,259,0.0165029566158035
Female,25-44,208,280,0.0016082530855926
Female,25-44,208,299,0.0070174062417573
Female,25-44,208,303,0.0118844494121121
Female,25-44,208,324,0.0086710113749385
Female,25-44,208,330,0.0036675507945966
Female,25-44,208,332,0.0059592797357417
Female,25-44,211,23,0.0019072519524384
Female,25-44,211,71,0.0037213297327096
Female,25-44,211,112,0.0036693154676879
Female,25-44,211,163,0.0019520956160762
Female,25-44,211,252,0.0055909349650897
Female,25-44,211,306,0.0037820749724596
Female,25-44,211,355,0.003717914381592
Female,25-44,211,287288,0.001931504122479
Female,25-44,214,144,0.009580349272943
Female,25-44,214,218,0.0037139517277627
Female,25-44,214,222,0.0121615411333008
Female,25-44,214,254,0.0101142279828958
Female,25-44,214,290,0.0037797590196135
Female,25-44,214,340,0.0035718860841988
Female,25-44,219,3,0.0024082056299891
Female,25-44,219,189,0.004410429041631
Female,25-44,219,217,0.0032748566058248
Female,25-44,219,222,0.0151293139471771
Female,25-44,219,268,0.0030953092012755
Female,25-44,219,290,0.0016705816615275
Female,25-44,219,303,0.0081199526669953
Female,25-44,219,306,0.0024329725088003
Female,25-44,219,338364,0.0016595299149108
Female,25-44,222,91,0.0017878073485349
Female,25-44,222,93,0.0020163649170107
Female,25-44,222,101,0.0015614284293407
Female,25-44,222,146,0.0049271685125024
Female,25-44,222,153,0.0018814760209748
Female,25-44,222,166,0.0014821305197944
Female,25-44,222,198,0.0039502407614609
Female,25-44,222,208,0.0060517643953904
Female,25-44,222,216,0.0015249063056806
Female,25-44,222,218,0.0015972003234166
Female,25-44,222,219,0.0046602305546798
Female,25-44,222,223,0.0053176852973583
Female,25-44,222,226,0.0044991783759431
Female,25-44,222,239,0.0043331006412773
Female,25-44,222,254,0.0035895869633646
Female,25-44,222,255,0.0035708030057164
Female,25-44,222,258,0.0031667039255018
Female,25-44,222,259,0.0134869554146242
Female,25-44,222,288,0.0117014406967328
Female,25-44,222,293,0.0031504966213069
Female,25-44,222,299,0.0064612921988248
Female,25-44,222,306,0.0014757478515818
Female,25-44,222,332,0.0028918483859197
Female,25-44,222,363,0.0021585311257294
Female,25-44,223,23,0.0021909930799152
Female,25-44,223,86,0.0022280925369779
Female,25-44,223,129,0.0045593021647908
Female,25-44,223,134,0.0046424208698636
Female,25-44,223,164,0.0135628645024711
Female,25-44,223,176,0.0044871467143157
Female,25-44,223,208,0.0153859286472406
Female,25-44,223,209,0.0045482124174621
Female,25-44,223,224,0.0043759462948392
Female,25-44,223,273,0.0083263944825811
Female,25-44,223,285,0.0062506904591507
Female,25-44,223,288,0.0239740920000556
Female,25-44,223,301,0.0098313570615386
Female,25-44,223,323,0.0043824579929083
Female,25-44,223,341,0.0022264712227397
Female,25-44,226,2,0.0024692439154221
Female,25-44,226,108,0.0057552254624638
Female,25-44,226,127,0.0034015374434693
Female,25-44,226,220,0.0033812852289975
Female,25-44,226,222,0.0161858198342931
Female,25-44,226,223,0.0058473443619127
Female,25-44,226,233,0.0034032095208509
Female,25-44,226,254,0.0057372323085166
Female,25-44,226,261,0.0023314543214165
Female,25-44,226,299,0.0094878435737413
Female,25-44,226,366,0.0023757260425234
Female,25-44,230,164,0.007706433424548
Female,25-44,230,208,0.0053914587552448
Female,25-44,230,214,0.0045695240758728
Female,25-44,230,220,0.0031292184739248
Female,25-44,230,223,0.0078964129582355
Female,25-44,230,229,0.0018674473616292
Female,25-44,230,239,0.005186688766938
Female,25-44,230,259,0.0110893822380214
Female,25-44,230,273,0.0032073143329189
Female,25-44,230,346,0.0019047113314237
Female,25-44,239,8,0.001630775536941
Female,25-44,239,72,0.0026238953572499
Female,25-44,239,91,0.0031422927606497
Female,25-44,239,108,0.002894959445171
Female,25-44,239,137,0.0029012534884198
Female,25-44,239,196,0.0035892488804763
Female,25-44,239,226,0.0044154036595065
Female,25-44,239,232,0.0017232320747716
Female,25-44,239,255,0.0081700453592064
Female,25-44,239,266,0.0078664631469023
Female,25-44,239,284,0.0063200800718774
Female,25-44,239,299,0.005824635144256
Female,25-44,253,44,0.0026027398542993
Female,25-44,253,110,0.0027294003869916
Female,25-44,253,132,0.0024347006930011
Female,25-44,253,181,0.0025057387982573
Female,25-44,253,219,0.0048422819956111
Female,25-44,253,222,0.0091512521507221
Female,25-44,253,272,0.0033371837936992
Female,25-44,253,324,0.0051030399706215
Female,25-44,254,13,0.0070688703437246
Female,25-44,254,111,0.0025519483586016
Female,25-44,254,142,0.0026499213135445
Female,25-44,254,223,0.0072444228144721
Female,25-44,254,226,0.0156677858643021
Female,25-44,254,233,0.0038343005281767
Female,25-44,254,239,0.0088644158046907
Female,25-44,255,101,0.0020759910909071
Female,25-44,255,121,0.0040719086038454
Female,25-44,255,239,0.0151426518419513
Female,25-44,255,265,0.0042917314104985
Female,25-44,255,332,0.0047354688971546
Female,25-44,256,17,0.0023719844559024
Female,25-44,256,35,0.001601626258704
Female,25-44,256,108,0.0036386706911061
Female,25-44,256,132,0.0028908884326959
Female,25-44,256,148,0.0079250067088833
Female,25-44,256,171,0.0015627727590348
Female,25-44,256,198,0.005497366549012
Female,25-44,256,213,0.0025240850683503
Female,25-44,256,222,0.0086455900001357
Female,25-44,256,254,0.0114758128181552
Female,25-44,258,193,0.0049204833777077
Female,25-44,258,224,0.003428753341327
Female,25-44,258,339,0.0047535544589204
Female,25-44,258,239255,0.003500031265965
Female,25-44,259,37,0.0018737647970408
Female,25-44,259,93,0.0017631018245708
Female,25-44,259,108,0.0012225245404693
Female,25-44,259,144,0.0032141506931433
Female,25-44,259,145,0.0045218653066591
Female,25-44,259,168,0.0033199581721012
Female,25-44,259,208,0.0031153156458012
Female,25-44,259,213,0.000546925086405
Female,25-44,259,219,0.0030036978474252
Female,25-44,259,222,0.0043530643210087
Female,25-44,259,230,0.0030115067820862
Female,25-44,259,239,0.0029214717545029
Female,25-44,259,268,0.0015145735706853
Female,25-44,259,288,0.0054446339177699
Female,25-44,263,8,0.0031697460369872
Female,25-44,263,126,0.0072586018857996
Female,25-44,263,265,0.0045714791077624
Female,25-44,263,266,0.0129968489514076
Female,25-44,263,295,0.0045497247731206
Female,25-44,263,332,0.0090114483488098
Female,25-44,266,110,0.0027195310936011
Female,25-44,266,213,0.0019398235446073
Female,25-44,266,263,0.0050253062907722
Female,25-44,266,268,0.0035409936309527
Female,25-44,266,274,0.0052147588368628
Female,25-44,266,279,0.0043169379959762
Female,25-44,266,326,0.0018834703376575
Female,25-44,272,11,0.0045128940882192
Female,25-44,272,76,0.007343756550535
Female,25-44,272,156,0.0022302500679302
Female,25-44,272,213,0.0021483751230263
Female,25-44,272,228,0.0045773989491464
Female,25-44,272,270,0.0066718466875228
Female,25-44,272,358,0.0081211318692655
Female,25-44,272,364,0.0133788098178327
Female,25-44,273,1,0.0018616692509577
Female,25-44,273,140,0.008732885041694
Female,25-44,273,151,0.0036923949996423
Female,25-44,273,196,0.0070007806296945
Female,25-44,273,252,0.0054420043378007
Female,25-44,273,274,0.006917692503125
Female,25-44,273,277,0.0067901682004422
Female,25-44,273,285,0.0050520118968311
Female,25-44,273,295,0.0134614296550657
Female,25-44,273,324,0.0089014498090441
Female,25-44,274,1,0.0058847298451646
Female,25-44,274,67,0.0018536587995328
Female,25-44,274,77,0.0067004351151309
Female,25-44,274,266,0.0097436560850836
Female,25-44,274,283,0.0038771402664575
Female,25-44,274,287,0.0050220287361965
Female,25-44,274,364,0.0125186803679652
Female,25-44,275,11,0.0011353241118873
Female,25-44,275,207,0.0027536593584934
Female,25-44,275,266,0.0049957255340059
Female,25-44,276,13,0.0063874524256357
Female,25-44,276,91,0.0035361509509242
Female,25-44,276,120,0.0036302968203128
Female,25-44,276,124,0.0064116198143025
Female,25-44,276,196,0.0041738166176834
Female,25-44,276,295,0.0034555054114984
Female,25-44,277,65,0.00175842474029
Female,25-44,277,206,0.0035655708368786
Female,25-44,277,241,0.0047477657605352
Female,25-44,277,268,0.005019645338339
Female,25-44,277,366,0.0035022982944975
Female,25-44,284,1,0.0021783757321768
Female,25-44,284,86,0.0022292233411884
Female,25-44,284,101,0.0043295307392062
Female,25-44,284,145,0.0131019645859054
Female,25-44,284,283,0.0021711934879402
Female,25-44,284,287,0.0055122633946596
Female,25-44,284,299,0.0118396073273239
Female,25-44,284,301,0.011415095209681
Female,25-44,284,303,0.0221926767754213
Female,25-44,284,287288,0.0045347010509728
Female,25-44,287,1,0.0045558938851995
Female,25-44,287,46,0.0157689722859095
Female,25-44,287,67,0.0021955197260235
Female,25-44,287,124,0.0101828016882851
Female,25-44,287,128,0.0043805356732739
Female,25-44,287,148,0.0137404762503667
Female,25-44,287,178,0.0043972309240058
Female,25-44,287,198,0.0092468542222735
Female,25-44,287,273,0.0059801867277859
Female,25-44,287,284,0.0081517098688581
Female,25-44,287,288,0.0400283194056758
Female,25-44,287,303,0.0134836462432476
Female,25-44,287,326,0.0045039580633308
Female,25-44,288,76,0.003306245400694
Female,25-44,288,93,0.0017785007404652
Female,25-44,288,111,0.0015638344337177
Female,25-44,288,137,0.002089134251279
Female,25-44,288,144,0.0043318679807201
Female,25-44,288,146,0.0035936275348236
Female,25-44,288,148,0.0077547796285971
Female,25-44,288,150,0.0023698050982375
Female,25-44,288,156,0.0008016145352578
Female,25-44,288,208,0.0050249055808085
Female,25-44,288,222,0.0067639558654839
Female,25-44,288,239,0.0053660611025175
Female,25-44,288,259,0.0101277235227436
Female,25-44,288,270,0.0014524187871767
Female,25-44,288,284,0.0022555672685205
Female,25-44,288,287,0.0069649456356845
Female,25-44,288,299,0.0052399468963862
Female,25-44,288,301,0.006627235892384
Female,25-44,288,303,0.0120177590056187
Female,25-44,288,306,0.0012696566031565
Female,25-44,288,317,0.0022889814301233
Female,25-44,288,362,0.0015495332888913
Female,25-44,288,364,0.0052184851897323
Female,25-44,292,44,0.0033837784935005
Female,25-44,292,221,0.0016847722366901
Female,25-44,292,241,0.0030896258995153
Female,25-44,292,285,0.008258047104751
Female,25-44,292,293,0.0071966995568185
Female,25-44,292,300,0.0063977629892067
Female,25-44,292,317,0.0041745929855085
Female,25-44,292,346,0.0023633658180202
Female,25-44,292,355,0.00226469546482
Female,25-44,292,363,0.0033689150484265
Female,25-44,293,150,0.0041619564605213
Female,25-44,293,221,0.0028097415896448
Female,25-44,293,285,0.0099187502470871
Female,25-44,293,288,0.0127582582249236
Female,25-44,293,300,0.0142997376435207
Female,25-44,293,301,0.0073342652350015
Female,25-44,293,303,0.0134727908554066
Female,25-44,293,312,0.0028965163917539
Female,25-44,293,314,0.0029480161027124
Female,25-44,293,317,0.0049343490629393
Female,25-44,293,338,0.0039914749978668
Female,25-44,299,110,0.00245676917529
Female,25-44,299,176,0.0025611316392384
Female,25-44,299,206,0.0017513469612904
Female,25-44,299,218,0.0017502414686289
Female,25-44,299,259,0.0159875010929068
Female,25-44,299,271,0.0017830689186808
Female,25-44,299,276,0.0048822537424545
Female,25-44,299,279,0.0057473526855797
Female,25-44,299,288,0.0294835373538312
Female,25-44,299,301,0.0058414209151099
Female,25-44,299,303,0.0100038756815035
Female,25-44,299,312,0.0016610181867448
Female,25-44,300,20,0.0042909327685861
Female,25-44,300,76,0.0063380267871178
Female,25-44,300,83,0.0022572751025093
Female,25-44,300,125,0.0022617824903486
Female,25-44,300,148,0.0217854695023477
Female,25-44,300,150,0.004323343980741
Female,25-44,300,223,0.0046078195432176
Female,25-44,300,226,0.0053733793935046
Female,25-44,300,255,0.0077118176618586
Female,25-44,300,260,0.0022135948513712
Female,25-44,300,270,0.0031839583704868
Female,25-44,300,279,0.0038974141888298
Female,25-44,300,297,0.00526406126508
Female,25-44,300,299,0.0082976627517085
Female,25-44,300,317,0.0097085452673922
Female,25-44,300,355,0.0032555797672665
Female,25-44,301,29,0.01319560534017
Female,25-44,301,46,0.0098687668014182
Female,25-44,301,47,0.0039068586515829
Female,25-44,301,91,0.0071356768043202
Female,25-44,301,111,0.0026721374837865
Female,25-44,301,142,0.0027880578229389
Female,25-44,301,145,0.0110424715266227
Female,25-44,301,146,0.0079628678411949
Female,25-44,301,153,0.004153505826822
Female,25-44,301,164,0.0122705532707717
Female,25-44,301,197,0.0028206277404997
Female,25-44,301,224,0.0026775521320925
Female,25-44,301,226,0.007200273292831
Female,25-44,301,239,0.0075161789135619
Female,25-44,301,256,0.0088283917269142
Female,25-44,301,288,0.0211050932829825
Female,25-44,301,295,0.0055207484642635
Female,25-44,301,299,0.0078766264572939
Female,25-44,301,312,0.0027961441695603
Female,25-44,303,47,0.0026054882843673
Female,25-44,303,101,0.0012796250323469
Female,25-44,303,117,0.0035559209782921
Female,25-44,303,142,0.0013602346715385
Female,25-44,303,146,0.0049663248332184
Female,25-44,303,148,0.0061980271666507
Female,25-44,303,164,0.0100653007164684
Female,25-44,303,181,0.0041089859618034
Female,25-44,303,223,0.0034162095394254
Female,25-44,303,280,0.0019662780291617
Female,25-44,303,284,0.0041783764473758
Female,25-44,303,287,0.0048534013056631
Female,25-44,303,288,0.0134825618804476
Female,25-44,303,293,0.0045231506772243
Female,25-44,303,295,0.0020708806886842
Female,25-44,303,297,0.0024020991830676
Female,25-44,303,299,0.0081711718672861
Female,25-44,303,300,0.0068180071685222
Female,25-44,303,301,0.0056170622882075
Female,25-44,303,317,0.0041803696456775
Female,25-44,303,340,0.0017979382410085
Female,25-44,303,364,0.0072970602779334
Female,25-44,305,195,0.004139576705884
Female,25-44,305,300,0.0146078644114275
Female,25-44,305,301,0.0091069146048146
Female,25-44,305,356,0.005785154201227
Female,25-44,317,3,0.0032828496326051
Female,25-44,317,29,0.0163739648024546
Female,25-44,317,43,0.0061532792693229
Female,25-44,317,61,0.0034392798828869
Female,25-44,317,76,0.009121244468474
Female,25-44,317,134,0.0017343461358187
Female,25-44,317,229,0.0034554833903306
Female,25-44,317,230,0.0131535915343322
Female,25-44,317,299,0.0097272227291318
Female,25-44,317,300,0.0100064954862473
Female,25-44,317,303,0.0150951665869784
Female,25-44,324,29,0.0104740663788891
Female,25-44,324,93,0.002888206707912
Female,25-44,324,117,0.004968771844585
Female,25-44,324,127,0.0030134473469152
Female,25-44,324,146,0.0058862311503706
Female,25-44,324,190,0.0068609276004032
Female,25-44,324,192,0.0079031592844935
Female,25-44,324,193,0.0080860143770412
Female,25-44,324,196,0.0043754743698536
Female,25-44,324,198,0.0086340637350841
Female,25-44,324,323,0.0050592120887292
Female,25-44,324,332,0.0039490369329566
Female,25-44,332,5,0.00566258206634
Female,25-44,332,101,0.0039858601796893
Female,25-44,332,122,0.0038905447278509
Female,25-44,332,150,0.0038186778539964
Female,25-44,332,207,0.0057508202081411
Female,25-44,332,213,0.0019264962644175
Female,25-44,332,338,0.005701078444768
Female,25-44,350,65,0.002073082224406
Female,25-44,350,139,0.0059031577764655
Female,25-44,350,151,0.0029864672572508
Female,25-44,350,290,0.0031015671430385
Female,25-44,350,335,0.002056982677041
Female,25-44,350,351,0.0019901338952681
Female,25-44,350,358,0.0073001843275438
Female,25-44,350,362,0.0029013879118946
Female,25-44,350,364,0.0107536966205429
Female,25-44,357,8,0.0026035853152324
Female,25-44,357,290,0.0026423691879423
Female,25-44,357,356,0.0049127259349271
Female,25-44,357,239255,0.0039054916270459
Female,25-44,358,71,0.0051921782815352
Female,25-44,358,115,0.003424607577128
Female,25-44,358,239,0.0103876716427808
Female,25-44,358,280,0.0072739942564456
Female,25-44,358,317,0.0063567235177155
Female,25-44,358,362,0.0033368424064297
Female,25-44,358,364,0.0128812135453357
Female,25-44,358,239255,0.003423855418513
Female,25-44,364,8,0.0012891230150522
Female,25-44,364,12,0.0012734300418667
Female,25-44,364,112,0.0018086353096703
Female,25-44,364,164,0.005362611578056
Female,25-44,364,239,0.0037296117528294
Female,25-44,364,279,0.0025194418583929
Female,25-44,364,297,0.0020057181432277
Female,25-44,364,318,0.0013010424096899
Female,25-44,364,339,0.0021306886579528
Female,25-44,364,359,0.0042311151791716
Female,25-44,364,368,0.0029281649748717
Male,25-44,13,5,0.0048064835825446
Male,25-44,13,108,0.0024347851333843
Male,25-44,13,121,0.0043902227795571
Male,25-44,13,135,0.0035258984276664
Male,25-44,13,222,0.0087331268170835
Male,25-44,13,250,0.0043969564273531
Male,25-44,13,266,0.0105204541634812
Male,25-44,13,268,0.0050121802295813
Male,25-44,13,275,0.0070095498334938
Male,25-44,13,295,0.002575402694382
Male,25-44,45,44,0.0019019573669401
Male,25-44,45,122,0.0013686828681215
Male,25-44,45,140,0.0070121403497865
Male,25-44,45,217,0.0026480623461835
Male,25-44,45,285,0.0036527475574508
Male,25-44,45,303,0.0064472500454106
Male,25-44,46,45,0.0041428618202019
Male,25-44,46,163,0.0017045709477705
Male,25-44,46,216,0.0013268687732771
Male,25-44,46,272,0.0030286436828679
Male,25-44,46,276,0.0023483365900797
Male,25-44,46,287,0.0043861556585891
Male,25-44,46,362,0.0016623159912603
Male,25-44,126,2,0.0017652382381928
Male,25-44,126,123,0.0039386078135426
Male,25-44,126,127,0.0040682401925083
Male,25-44,126,144,0.0037935185887126
Male,25-44,126,164,0.0093964952320193
Male,25-44,126,323,0.0017005012940387
Male,25-44,126,361,0.001747892697991
Male,25-44,126,368,0.0046998708587474
Male,25-44,140,2,0.001387349587729
Male,25-44,140,5,0.00245047917039
Male,25-44,140,43,0.0030365373604764
Male,25-44,140,132,0.0025653842516884
Male,25-44,140,137,0.0026651022602408
Male,25-44,140,138,0.0019970602965008
Male,25-44,140,139,0.0037004898999582
Male,25-44,140,189,0.0080444182118442
Male,25-44,140,193,0.0046161815287348
Male,25-44,140,208,0.0066858545814865
Male,25-44,140,236,0.0013528331928828
Male,25-44,140,288,0.0120327980601959
Male,25-44,140,305,0.0018738755864282
Male,25-44,140,323,0.0020584107510276
Male,25-44,140,338364,0.001156835047322
Male,25-44,145,113,0.0023283486693892
Male,25-44,145,142,0.0024101666597684
Male,25-44,145,144,0.0042440216584962
Male,25-44,145,146,0.021671461439699
Male,25-44,145,148,0.0091631139793708
Male,25-44,145,176,0.0023874266943133
Male,25-44,145,192,0.0071279645899886
Male,25-44,145,193,0.0047268047668251
Male,25-44,145,208,0.0116614983277196
Male,25-44,145,216,0.0023291478600645
Male,25-44,145,218,0.0023958563361781
Male,25-44,145,243,0.0023835492206823
Male,25-44,145,248,0.0043620736499664
Male,25-44,145,250,0.0056334044345791
Male,25-44,145,288,0.0124285339364465
Male,25-44,145,306,0.0023741791888363
Male,25-44,145,357,0.0060397603980442
Male,25-44,146,20,0.0020862458322788
Male,25-44,146,76,0.0068434113296347
Male,25-44,146,110,0.001947191991521
Male,25-44,146,117,0.0025032859966936
Male,25-44,146,153,0.0014095092911421
Male,25-44,146,191,0.0043439733336144
Male,25-44,146,192,0.0061413143055895
Male,25-44,146,193,0.0042662266722684
Male,25-44,146,214,0.0042165099591609
Male,25-44,146,222,0.0051882950923925
Male,25-44,146,268,0.0014861621106142
Male,25-44,146,272,0.0030502896850654
Male,25-44,146,282,0.0018851043169762
Male,25-44,146,285,0.0026377813565602
Male,25-44,146,324,0.0093289058042754
Male,25-44,148,76,0.0038273009004696
Male,25-44,148,91,0.0018650877575467
Male,25-44,148,110,0.0029572712518359
Male,25-44,148,135,0.0038739979163671
Male,25-44,148,150,0.0051165118183975
Male,25-44,148,164,0.0097115817900851
Male,25-44,148,204,0.0019506330514237
Male,25-44,148,209,0.0029956172645654
Male,25-44,148,226,0.0062361156443482
Male,25-44,148,236,0.0020157738320676
Male,25-44,148,266,0.0071282867178877
Male,25-44,148,268,0.0028945347717413
Male,25-44,148,288,0.0191047708238688
Male,25-44,148,292,0.0109535418632326
Male,25-44,148,293,0.0042581478656859
Male,25-44,148,297,0.0029491215208666
Male,25-44,148,299,0.0061103276783173
Male,25-44,148,312,0.0020701786040818
Male,25-44,148,361,0.0020687608065113
Male,25-44,148,287288,0.0020649119710628
Male,25-44,164,76,0.002042699455159
Male,25-44,164,101,0.0018880695204414
Male,25-44,164,139,0.0033545267551539
Male,25-44,164,144,0.0028182406905791
Male,25-44,164,145,0.0059774071519179
Male,25-44,164,146,0.0091349011163321
Male,25-44,164,148,0.0041222020877082
Male,25-44,164,153,0.0028432991273402
Male,25-44,164,163,0.0022321082214703
Male,25-44,164,166,0.0033139390335908
Male,25-44,164,168,0.0065139555038295
Male,25-44,164,170,0.0019278503126968
Male,25-44,164,190,0.0038905999165063
Male,25-44,164,192,0.0047226621097533
Male,25-44,164,193,0.0028598389935564
Male,25-44,164,197,0.0009375526035483
Male,25-44,164,206,0.0009613184612573
Male,25-44,164,208,0.0109853871985447
Male,25-44,164,218,0.0013678274662218
Male,25-44,164,220,0.0017156473120667
Male,25-44,164,222,0.0053604172560282
Male,25-44,164,223,0.0026269975553378
Male,25-44,164,231,0.0018928870809804
Male,25-44,164,236,0.0014353987450388
Male,25-44,164,241,0.0043308822205217
Male,25-44,164,292,0.0074325731558548
Male,25-44,164,332,0.0026389957022784
Male,25-44,164,362,0.0017644558658546
Male,25-44,164,364,0.0084195534028166
Male,25-44,168,80,0.0024843773462832
Male,25-44,168,145,0.0060665955967612
Male,25-44,168,159,0.0036054291550644
Male,25-44,168,181,0.0037040279108468
Male,25-44,168,270,0.0024746836510343
Male,25-44,168,275,0.0045620217853108
Male,25-44,168,318,0.002473940339424
Male,25-44,168,340,0.0038919215836967
Male,25-44,168,356,0.0045870202802019
Male,25-44,182,167,0.0035036211498697
Male,25-44,182,206,0.0018509686922296
Male,25-44,182,248,0.004994969252967
Male,25-44,182,264,0.0037415516743064
Male,25-44,182,279,0.0051367284585941
Male,25-44,182,282,0.0034892208652572
Male,25-44,182,346,0.0069219327920316
Male,25-44,189,140,0.0173441183279528
Male,25-44,189,190,0.0164301028331513
Male,25-44,189,191,0.0089527379181174
Male,25-44,189,222,0.0108672732538321
Male,25-44,190,33,0.0024830769285152
Male,25-44,190,116,0.0026592709658104
Male,25-44,190,140,0.0169611114904504
Male,25-44,190,146,0.0102039397359576
Male,25-44,190,159,0.0032221464318345
Male,25-44,190,164,0.0103531274805862
Male,25-44,190,218,0.0016713479215385
Male,25-44,190,297,0.0025178136841173
Male,25-44,191,151,0.002726549562962
Male,25-44,191,251,0.0052948657213911
Male,25-44,191,305,0.0026837835026706
Male,25-44,192,110,0.0028773037845163
Male,25-44,192,135,0.0027770067719351
Male,25-44,192,145,0.0098607145162747
Male,25-44,192,146,0.0103580832009309
Male,25-44,192,178,0.0020433200604135
Male,25-44,192,193,0.0087787861278773
Male,25-44,192,208,0.0066833415434971
Male,25-44,192,216,0.0018800160637853
Male,25-44,192,219,0.0057474744682586
Male,25-44,192,222,0.0084143758404797
Male,25-44,192,288,0.0130512877032491
Male,25-44,192,324,0.0152141506797598
Male,25-44,192,340,0.0030053683427362
Male,25-44,193,12,0.0030969617746231
Male,25-44,193,32,0.003289193285842
Male,25-44,193,76,0.0038971470212618
Male,25-44,193,91,0.0031343816332825
Male,25-44,193,138,0.0032029401637169
Male,25-44,193,195,0.0082459755739568
Male,25-44,193,251,0.0044417213113382
Male,25-44,193,305,0.0030668812818349
Male,25-44,193,324,0.0219550571539731
Male,25-44,193,345,0.0073986160393967
Male,25-44,193,360,0.0031575091118191
Male,25-44,198,23,0.0054020036859041
Male,25-44,198,83,0.0034159948309555
Male,25-44,198,139,0.006387262703963
Male,25-44,198,153,0.0069051687351806
Male,25-44,198,164,0.0112995284193253
Male,25-44,198,192,0.0084411336995548
Male,25-44,198,193,0.0087006683436013
Male,25-44,198,197,0.0016846688738269
Male,25-44,198,208,0.0078834078945092
Male,25-44,198,243,0.0033828538201439
Male,25-44,198,246,0.0050466328279719
Male,25-44,198,323,0.0033649771486266
Male,25-44,198,332,0.0048803313609665
Male,25-44,198,341,0.0033441863912883
Male,25-44,208,2,0.0022591562118104
Male,25-44,208,5,0.004232759199474
Male,25-44,208,20,0.0040857829693105
Male,25-44,208,72,0.003356332014842
Male,25-44,208,83,0.0021121755097468
Male,25-44,208,91,0.0033330680310962
Male,25-44,208,108,0.0033430529959441
Male,25-44,208,122,0.0022203883214157
Male,25-44,208,130,0.0040331839028354
Male,25-44,208,137,0.0032442560296448
Male,25-44,208,164,0.0114452732680768
Male,25-44,208,207,0.0043112466196556
Male,25-44,208,211,0.0039276069919808
Male,25-44,208,214,0.0130373557007176
Male,25-44,208,216,0.0021483848407756
Male,25-44,208,217,0.0031601697749266
Male,25-44,208,218,0.0033546832393432
Male,25-44,208,220,0.0055731680658645
Male,25-44,208,222,0.0157019030586972
Male,25-44,208,226,0.0106138719104416
Male,25-44,208,229,0.0021493291558846
Male,25-44,208,230,0.0038603152084696
Male,25-44,208,231,0.0033457751698671
Male,25-44,208,234,0.0022086402118642
Male,25-44,208,243,0.0021548555273694
Male,25-44,208,303,0.0093100568314908
Male,25-44,208,305,0.00324716956261
Male,25-44,208,357,0.0065443935492919
Male,25-44,208,365,0.0031794314723058
Male,25-44,211,7,0.0022364968532902
Male,25-44,211,216,0.0044931278336204
Male,25-44,211,359,0.005923497559939
Male,25-44,211,287288,0.0022348894896059
Male,25-44,214,169,0.0029204441648863
Male,25-44,214,243,0.0018508955689359
Male,25-44,214,251,0.0034153824873528
Male,25-44,214,340,0.0028496728707622
Male,25-44,214,364,0.0109004119983723
Male,25-44,219,32,0.0034576232229493
Male,25-44,219,44,0.0033019625067985
Male,25-44,219,52,0.0023518716910663
Male,25-44,219,101,0.0021116341822877
Male,25-44,219,221,0.0078535712400596
Male,25-44,219,222,0.0238687647863069
Male,25-44,219,226,0.0082207791357031
Male,25-44,219,241,0.0058366341772276
Male,25-44,219,263,0.0054226414201853
Male,25-44,219,273,0.0040785079937108
Male,25-44,219,306,0.0021969702631032
Male,25-44,219,332,0.0031139235092742
Male,25-44,219,335,0.0022256136313864
Male,25-44,222,12,0.0033369965608188
Male,25-44,222,29,0.0020198607948165
Male,25-44,222,33,0.0018813097418799
Male,25-44,222,78,0.0013680583025474
Male,25-44,222,83,0.001962334869987
Male,25-44,222,148,0.0062946808057025
Male,25-44,222,164,0.0068231329958465
Male,25-44,222,192,0.0047112693372979
Male,25-44,222,193,0.0039934135726422
Male,25-44,222,198,0.0039608620148163
Male,25-44,222,208,0.007916927140415
Male,25-44,222,219,0.005324923335058
Male,25-44,222,223,0.004644550090384
Male,25-44,222,226,0.0058598042545167
Male,25-44,222,244,0.0026817327824624
Male,25-44,222,250,0.0035267274253119
Male,25-44,222,265,0.0031721969863877
Male,25-44,222,275,0.0034341696734216
Male,25-44,222,330,0.0012051713533981
Male,25-44,226,20,0.0053708772236185
Male,25-44,226,101,0.0037380079304881
Male,25-44,226,144,0.0051530958626075
Male,25-44,226,208,0.0092830849928822
Male,25-44,226,217,0.0035828265829812
Male,25-44,226,219,0.0141460691989368
Male,25-44,226,368,0.0091943651187152
Male,25-44,241,80,0.0030201359376607
Male,25-44,241,130,0.0042068018049907
Male,25-44,241,222,0.0083708897373226
Male,25-44,241,223,0.0044006729479944
Male,25-44,241,251,0.0059068218192095
Male,25-44,250,2,0.0021319722032443
Male,25-44,250,114,0.0065068156655344
Male,25-44,250,129,0.0044112297637586
Male,25-44,250,135,0.0063737995642548
Male,25-44,250,163,0.0041835025751167
Male,25-44,250,183,0.0064342611665628
Male,25-44,250,193,0.0078634166979646
Male,25-44,250,209,0.0043018576489131
Male,25-44,250,216,0.004339638815016
Male,25-44,250,220,0.0041207103081885
Male,25-44,250,240,0.0042867794258329
Male,25-44,250,262,0.0061498841521574
Male,25-44,250,354,0.0039258039385653
Male,25-44,266,119,0.0027341600621642
Male,25-44,266,124,0.0039451563876473
Male,25-44,266,217,0.0041326329648709
Male,25-44,266,244,0.0027004942455404
Male,25-44,266,268,0.0026086992253994
Male,25-44,266,273,0.0051999144925235
Male,25-44,266,274,0.0062578300287779
Male,25-44,266,277,0.0055104350447641
Male,25-44,266,332,0.0039428039005256
Male,25-44,274,3,0.0065243228148306
Male,25-44,274,170,0.0033156130137888
Male,25-44,274,221,0.004589812063656
Male,25-44,274,230,0.0044265106758309
Male,25-44,274,279,0.0046026603594399
Male,25-44,274,283,0.008767554812966
Male,25-44,274,305,0.003223184825094
Male,25-44,274,339,0.0042284942211442
Male,25-44,275,13,0.0109028722376601
Male,25-44,275,120,0.0038771264948164
Male,25-44,275,121,0.0074574205497794
Male,25-44,275,124,0.005751035255656
Male,25-44,275,148,0.0101030974059951
Male,25-44,275,206,0.0041084563535677
Male,25-44,275,244,0.0038992240777178
Male,25-44,275,266,0.0110396813161686
Male,25-44,275,276,0.0097058845218415
Male,25-44,275,299,0.0105299506070855
Male,25-44,288,5,0.0017234937826587
Male,25-44,288,59,0.0013112485092007
Male,25-44,288,108,0.0016417366057451
Male,25-44,288,113,0.001212894229133
Male,25-44,288,148,0.0083330792546138
Male,25-44,288,168,0.0032603582505678
Male,25-44,288,222,0.00545010765652
Male,25-44,288,285,0.0027403038651565
Male,25-44,288,287,0.0091986190022109
Male,25-44,292,33,0.0019832648124901
Male,25-44,292,279,0.0035846249187146
Male,25-44,292,285,0.0103947884156746
Male,25-44,292,293,0.0050084346096944
Male,25-44,292,300,0.0039253110441302
Male,25-44,292,317,0.0040396298722113
Male,25-44,292,364,0.0073066527711979
Male,25-44,293,8,0.0016355022084658
Male,25-44,293,80,0.0050941877280149
Male,25-44,293,193,0.0059505797847045
Male,25-44,293,206,0.0016663694411355
Male,25-44,293,300,0.010247606378896
Male,25-44,293,314,0.003241787881276
Male,25-44,299,61,0.0021284908738571
Male,25-44,299,76,0.0029594977082121
Male,25-44,299,108,0.002071868780974
Male,25-44,299,135,0.0030073890236316
Male,25-44,299,148,0.01128025280248
Male,25-44,299,288,0.0115581998726506
Male,25-44,299,303,0.0113316638083426
Male,25-44,300,110,0.0025214841539275
Male,25-44,300,129,0.0026675518854839
Male,25-44,300,144,0.0047347990725538
Male,25-44,300,148,0.0086757739375078
Male,25-44,300,168,0.006514573297661
Male,25-44,300,234,0.0026712925145704
Male,25-44,300,283,0.0026911506569386
Male,25-44,300,284,0.0089491317046326
Male,25-44,300,293,0.0072710002773206
Male,25-44,300,303,0.0113829034431962
Male,25-44,300,363,0.003578688961386
Male,25-44,303,13,0.0047882255726644
Male,25-44,303,61,0.0016249533136477
Male,25-44,303,91,0.0025114880076544
Male,25-44,303,112,0.0031413943360443
Male,25-44,303,113,0.0024805947702069
Male,25-44,303,144,0.0036831117425828
Male,25-44,303,164,0.010806887972606
Male,25-44,303,217,0.0024087150359834
Male,25-44,303,279,0.0057826681031093
Male,25-44,303,282,0.0023949889740679
Male,25-44,303,284,0.0064074957004845
Male,25-44,303,288,0.0114350944933263
Male,25-44,303,346,0.004607686619686
Male,25-44,317,192,0.0066360243215488
Male,25-44,317,231,0.0026448119955892
Male,25-44,317,249,0.0047715565498003
Male,25-44,317,284,0.0060823226060128
Male,25-44,317,288,0.0144832682028944
Male,25-44,317,293,0.0058215072223711
Male,25-44,317,299,0.0119309525488563
Male,25-44,317,352,0.0026448867600444
Male,25-44,317,358,0.0058824760281908
Male,25-44,317,368,0.0045802774502733
Male,25-44,324,86,0.0030591154453542
Male,25-44,324,91,0.0018604883551059
Male,25-44,324,145,0.0066516419954039
Male,25-44,324,146,0.0163456135436578
Male,25-44,324,165,0.002001862014296
Male,25-44,324,193,0.0067221151223677
Male,25-44,324,195,0.0050356434388023
Male,25-44,324,198,0.0053883108658355
Male,25-44,324,228,0.0036221719662957
Male,25-44,324,243,0.0018804785747491
Male,25-44,324,288,0.0107262864309314
Male,25-44,324,323,0.0030200191649934
Male,25-44,338,47,0.0058956155044254
Male,25-44,338,108,0.0038896164323783
Male,25-44,338,112,0.0076007985421915
Male,25-44,338,132,0.0036783066581312
Male,25-44,338,140,0.0096215422096397
Male,25-44,338,181,0.003627166186824
Male,25-44,338,231,0.0039131999630827
Male,25-44,338,299,0.0080333589444783
Male,25-44,338,317,0.0062666060514104
Male,25-44,338,318,0.0101610827816703
Male,25-44,338,356,0.0050077146609462
Male,25-44,338,362,0.0036603278413865
Male,25-44,338,364,0.0248540450482454
Male,25-44,338,366,0.0036811103194137
Male,25-44,338,368,0.0071312279023257
Male,25-44,345,317,0.0092274712263431
Male,25-44,346,78,0.0022135918961895
Male,25-44,346,303,0.0253235340098981
Male,25-44,346,362,0.0042200099742186
Male,25-44,350,29,0.0013747371559154
Male,25-44,350,164,0.0057249863118818
Male,25-44,350,317,0.0049624316278498
Male,25-44,350,364,0.011844296977689
Male,25-44,357,29,0.0023422017543401
Male,25-44,357,112,0.0031900507692968
Male,25-44,357,209,0.0022938346144064
Male,25-44,357,222,0.0073072019163407
Male,25-44,357,335,0.0036304902686991
Male,25-44,357,356,0.00418980149345
Male,25-44,357,364,0.0138508549896944
Male,25-44,358,280,0.0081411630618466
Male,25-44,358,303,0.0143524339163681
Male,25-44,358,317,0.0069135020900072
Male,25-44,358,323,0.0031827718120185
Male,25-44,359,164,0.0117311493526647
Male,25-44,359,240,0.0043092385514118
Male,25-44,359,292,0.016194411486053
Male,25-44,359,314,0.0057960918634151
Male,25-44,359,317,0.007516144367551
Male,25-44,359,360,0.0027129564208902
Male,25-44,359,364,0.0132052064341158
Male,25-44,359,365,0.0057056436227011
Male,25-44,359,368,0.0064622104973703
Male,25-44,364,126,0.0026558714815042
Male,25-44,364,164,0.0041911037834303
Male,25-44,364,229,0.0011110811877928
Male,25-44,364,272,0.0022702004986945
Male,25-44,364,288,0.0042596167041131
Male,25-44,364,317,0.0024704233393804
Male,25-44,364,338,0.0030879940431847
Male,25-44,364,350,0.0044472747597716
Male,25-44,364,351,0.0011645091557321
Male,25-44,368,3,0.0086854434536605
Male,25-44,368,130,0.0063152646594062
Male,25-44,368,145,0.0094747318370879
Male,25-44,368,148,0.0089992393127555
Male,25-44,368,195,0.006710660094373
Male,25-44,368,271,0.0022104217076253
Male,25-44,368,356,0.0083095695596055
Male,25-44,368,361,0.0022004634768134
Male,25-44,368,364,0.0172898149493854
Female,45-64,5,124,0.011191978934936
Female,45-64,5,223,0.0064936883636016
Female,45-64,5,323,0.002901299702423
Female,45-64,13,61,0.0033480056435419
Female,45-64,13,72,0.0031745992664966
Female,45-64,13,108,0.003109093207699
Female,45-64,13,131,0.0096810731346512
Female,45-64,13,137,0.0039187276014665
Female,45-64,13,142,0.0022358065590069
Female,45-64,13,229,0.0031881729924004
Female,45-64,13,261,0.0048073190369695
Female,45-64,13,268,0.0078047927263735
Female,45-64,13,269,0.0022098852091942
Female,45-64,13,276,0.0058925894150126
Female,45-64,13,286,0.0046940725249835
Female,45-64,13,317,0.0061130236786052
Female,45-64,13,330,0.003142542249868
Female,45-64,20,88,0.0015703664539373
Female,45-64,20,222,0.0084803425570252
Female,45-64,20,223,0.0041307729998387
Female,45-64,20,305,0.0038834293315221
Female,45-64,20,326,0.0010928865118485
Female,45-64,23,26,0.0032630168060456
Female,45-64,23,38,0.0048854213172109
Female,45-64,23,50,0.0036343543896612
Female,45-64,23,52,0.012585607163763
Female,45-64,23,55,0.0387846669064964
Female,45-64,23,56,0.0053138538397324
Female,45-64,23,67,0.0053035149087144
Female,45-64,23,74,0.0034877791979009
Female,45-64,23,91,0.0032805809973619
Female,45-64,23,93,0.0065272052121397
Female,45-64,23,112,0.0066708960300773
Female,45-64,23,150,0.0131188691855262
Female,45-64,23,165,0.010365249862914
Female,45-64,23,170,0.0072432291025608
Female,45-64,23,190,0.0083543995176271
Female,45-64,23,196,0.0289678757184527
Female,45-64,23,208,0.0161600308501074
Female,45-64,23,212,0.003306643439038
Female,45-64,23,220,0.0068687885769546
Female,45-64,23,234,0.0098596342954674
Female,45-64,23,267,0.0053340740435116
Female,45-64,23,353,0.0104748395154327
Female,45-64,28,8,0.0016573344485943
Female,45-64,28,11,0.0016501580750965
Female,45-64,28,25,0.0010767465677047
Female,45-64,28,35,0.0023423429453265
Female,45-64,28,52,0.0030325134080118
Female,45-64,28,55,0.0076010418728657
Female,45-64,28,150,0.0074951321343127
Female,45-64,28,166,0.0096610590159852
Female,45-64,28,183,0.0077675340534977
Female,45-64,28,196,0.00566347998666
Female,45-64,28,201,0.0045189108548487
Female,45-64,28,206,0.0022005051613653
Female,45-64,28,234,0.0066686208477845
Female,45-64,28,256,0.0070040797802481
Female,45-64,28,266,0.0056267306587582
Female,45-64,28,267,0.0015224673609238
Female,45-64,28,272,0.0067180201593713
Female,45-64,28,297,0.0037159255515444
Female,45-64,29,142,0.0007525843257954
Female,45-64,37,56,0.0035182931712615
Female,45-64,37,121,0.0037229750015925
Female,45-64,37,170,0.0025276082541377
Female,45-64,37,256,0.0066217633511636
Female,45-64,43,91,0.0015410414011707
Female,45-64,43,119,0.0033042151818501
Female,45-64,43,274,0.0038603164046861
Female,45-64,43,314,0.0013023851291247
Female,45-64,44,13,0.0037459578502588
Female,45-64,44,115,0.0017883567693919
Female,45-64,44,171,0.0030744991100303
Female,45-64,45,285,0.0066679935367766
Female,45-64,46,66,0.0010905271142432
Female,45-64,46,164,0.0067992495066959
Female,45-64,46,208,0.004005712657386
Female,45-64,46,241,0.0022698925927227
Female,45-64,46,255,0.0037924340124547
Female,45-64,71,2,0.0093246150035091
Female,45-64,71,8,0.0037892806434468
Female,45-64,71,72,0.0190577810361251
Female,45-64,71,73,0.0076607463379766
Female,45-64,71,76,0.009868671641745
Female,45-64,71,81,0.0037444663680664
Female,45-64,71,112,0.0070410030807547
Female,45-64,71,114,0.0168879884006881
Female,45-64,71,146,0.0167151761175074
Female,45-64,71,148,0.0170220491243653
Female,45-64,71,150,0.0118695154462834
Female,45-64,71,153,0.0052835520096913
Female,45-64,71,158,0.0037111221059488
Female,45-64,71,176,0.0101704860200413
Female,45-64,71,177,0.0017939414110854
Female,45-64,71,201,0.0035933607072118
Female,45-64,71,231,0.005525347551181
Female,45-64,71,235,0.0055746113235542
Female,45-64,71,269,0.0036449926740155
Female,45-64,71,283,0.0036424890502351
Female,45-64,71,332,0.006581538761016
Female,45-64,76,74,0.0026519291237068
Female,45-64,76,88,0.001839778374701
Female,45-64,76,91,0.0025864134755077
Female,45-64,76,93,0.0038168912559916
Female,45-64,76,101,0.0048645994896354
Female,45-64,76,146,0.0185648189864204
Female,45-64,76,159,0.0076712731157515
Female,45-64,76,182,0.0103947607432017
Female,45-64,76,208,0.0096879340270814
Female,45-64,76,209,0.0073022696425938
Female,45-64,76,212,0.0045980377224761
Female,45-64,76,213,0.0027983894108567
Female,45-64,76,214,0.0080622537051576
Female,45-64,76,226,0.0133964460211918
Female,45-64,76,230,0.019227551325605
Female,45-64,76,241,0.0048245868494686
Female,45-64,76,285,0.011617793616159
Female,45-64,76,306,0.0025088665800977
Female,45-64,76,352,0.0018504058784289
Female,45-64,76,364,0.0085605505683419
Female,45-64,77,79,0.0027487427662027
Female,45-64,77,81,0.0017878476347131
Female,45-64,77,119,0.0044316404042158
Female,45-64,77,122,0.0139363429077777
Female,45-64,77,136,0.00180924783074
Female,45-64,77,139,0.0085970636759729
Female,45-64,77,303,0.0101468867957358
Female,45-64,114,120,0.0034317019911846
Female,45-64,114,124,0.0113273964196699
Female,45-64,114,127,0.0029247128222826
Female,45-64,114,128,0.0022505665584344
Female,45-64,114,130,0.0128928594325164
Female,45-64,114,131,0.0069694892759643
Female,45-64,114,132,0.0140610126592251
Female,45-64,114,137,0.004603629347488
Female,45-64,114,150,0.0039707170411883
Female,45-64,114,153,0.0018101705876451
Female,45-64,114,341,0.0014711535130648
Female,45-64,114,368,0.0022363859859544
Female,45-64,117,88,0.0022010124057988
Female,45-64,117,108,0.0029506041175333
Female,45-64,117,114,0.0102575769612231
Female,45-64,117,124,0.0119211238590123
Female,45-64,117,255,0.0093322141432155
Female,45-64,119,96,0.002815195589143
Female,45-64,119,120,0.0052131127187612
Female,45-64,119,121,0.0052672387291206
Female,45-64,119,122,0.0084242933522207
Female,45-64,119,287,0.0079492862565588
Female,45-64,119,298,0.0030384265417302
Female,45-64,119,335,0.0029735497139935
Female,45-64,119,359,0.0038656426528689
Female,45-64,119,361,0.0030098800070562
Female,45-64,123,40,0.0018069079929551
Female,45-64,123,122,0.006858134107223
Female,45-64,123,124,0.013767664497114
Female,45-64,123,162,0.0034018196057967
Female,45-64,123,183,0.0097461138057388
Female,45-64,123,195,0.0018227888682968
Female,45-64,123,205,0.0054634581104366
Female,45-64,123,266,0.0108178095213949
Female,45-64,123,298,0.0018097741899713
Female,45-64,123,360,0.0073077645003957
Female,45-64,124,81,0.0010528812731408
Female,45-64,124,114,0.0082390946403987
Female,45-64,124,117,0.0056124252709056
Female,45-64,124,119,0.0057771650468389
Female,45-64,124,122,0.006344744026542
Female,45-64,124,123,0.0036699965135585
Female,45-64,124,140,0.0075046506396904
Female,45-64,124,195,0.0010936925792489
Female,45-64,124,207,0.004528851413969
Female,45-64,124,274,0.0034214194515365
Female,45-64,124,295,0.003752022369458
Female,45-64,124,305,0.0039980984385758
Female,45-64,124,330,0.0030725038314578
Female,45-64,124,332,0.0030766878012169
Female,45-64,126,114,0.0095816985309168
Female,45-64,126,121,0.0044084836414601
Female,45-64,126,124,0.0154647152571233
Female,45-64,126,127,0.0115206794519971
Female,45-64,126,323,0.0037707998609939
Female,45-64,130,73,0.0014351055989889
Female,45-64,130,91,0.0020770229309239
Female,45-64,130,114,0.0360116113436841
Female,45-64,130,129,0.0035350367744539
Female,45-64,130,131,0.0121673728612331
Female,45-64,130,132,0.018242382627323
Female,45-64,130,163,0.003111474061431
Female,45-64,130,206,0.0014627856398367
Female,45-64,130,212,0.002080513386745
Female,45-64,131,78,0.0025166908530378
Female,45-64,131,114,0.0070437993248973
Female,45-64,131,122,0.0024946515883796
Female,45-64,131,142,0.0011925208555859
Female,45-64,131,274,0.0029259171538602
Female,45-64,131,335,0.0012612662133752
Female,45-64,132,114,0.0066102620751129
Female,45-64,132,128,0.0022779651218738
Female,45-64,132,129,0.0039521686074964
Female,45-64,132,130,0.0126742479139374
Female,45-64,132,131,0.0059924146203457
Female,45-64,132,134,0.0010568729953505
Female,45-64,132,140,0.0073527820076696
Female,45-64,132,162,0.0014810448992729
Female,45-64,132,240,0.0014112600544094
Female,45-64,132,352,0.0010035361987338
Female,45-64,135,52,0.0037518766096132
Female,45-64,135,68,0.002634255928769
Female,45-64,135,101,0.0059858194548821
Female,45-64,135,115,0.003906616860311
Female,45-64,135,128,0.003608516249877
Female,45-64,135,129,0.003847477514439
Female,45-64,135,137,0.0045920576431852
Female,45-64,135,173,0.0027112921075104
Female,45-64,135,261,0.0057393422742137
Female,45-64,135,318,0.00256085472098
Female,45-64,135,352,0.0026559892884565
Female,45-64,139,59,0.0016229963934001
Female,45-64,139,64,0.0016576972860874
Female,45-64,139,113,0.0032427337566397
Female,45-64,139,140,0.0142546261510477
Female,45-64,139,145,0.0102128184892502
Female,45-64,139,171,0.0032261828670154
Female,45-64,139,230,0.0070414418112641
Female,45-64,139,288,0.0121546452231625
Female,45-64,139,299,0.0097928728694537
Female,45-64,139,339,0.0028525859662521
Female,45-64,140,64,0.0010337870451218
Female,45-64,140,135,0.0027031220948708
Female,45-64,140,139,0.0059799627914854
Female,45-64,140,145,0.0043100118304789
Female,45-64,140,164,0.0063058919656246
Female,45-64,140,183,0.0025704558628068
Female,45-64,140,184,0.0011504878450058
Female,45-64,140,189,0.0070802941483957
Female,45-64,140,190,0.0047555779612081
Female,45-64,140,199,0.0025979740097207
Female,45-64,140,220,0.0014336569808651
Female,45-64,140,223,0.0026733138156929
Female,45-64,140,239,0.0056142222939065
Female,45-64,144,11,0.001920290073168
Female,45-64,144,128,0.0035839090647702
Female,45-64,144,145,0.0089411244281327
Female,45-64,144,164,0.0201504629146675
Female,45-64,144,184,0.0019543956554026
Female,45-64,144,206,0.0019194805499774
Female,45-64,144,236,0.0026668367183967
Female,45-64,144,259,0.0154489251872652
Female,45-64,144,280,0.0018785343076783
Female,45-64,144,355,0.0037444542544778
Female,45-64,145,45,0.006565139029254
Female,45-64,145,55,0.0023042829203221
Female,45-64,145,108,0.0035498159184589
Female,45-64,145,112,0.0035365494811677
Female,45-64,145,116,0.0024127728561015
Female,45-64,145,125,0.0012666863572494
Female,45-64,145,134,0.0019497707436627
Female,45-64,145,138,0.0023224037328033
Female,45-64,145,139,0.0086608529168792
Female,45-64,145,142,0.0018666802280822
Female,45-64,145,144,0.0078768357528162
Female,45-64,145,146,0.0126966078361787
Female,45-64,145,153,0.0022589413004551
Female,45-64,145,164,0.0157158792779169
Female,45-64,145,168,0.0079203490805474
Female,45-64,145,170,0.0018482780214306
Female,45-64,145,200,0.0012505211901906
Female,45-64,145,208,0.0080042617032684
Female,45-64,145,222,0.0080947203593898
Female,45-64,145,223,0.0044433802801745
Female,45-64,145,226,0.0059084657892688
Female,45-64,145,270,0.0024355651583838
Female,45-64,145,285,0.0075468243606446
Female,45-64,145,288,0.0182872074556939
Female,45-64,145,295,0.0031337426602744
Female,45-64,145,299,0.0092907239140559
Female,45-64,145,301,0.0055511830943457
Female,45-64,145,324,0.0059005848322735
Female,45-64,145,365,0.001761503227923
Female,45-64,146,74,0.0011721453387953
Female,45-64,146,76,0.0112521908626569
Female,45-64,146,101,0.0030399717136127
Female,45-64,146,144,0.0031025208287855
Female,45-64,146,145,0.0064629362846203
Female,45-64,146,148,0.0063296929492771
Female,45-64,146,153,0.0021706170127993
Female,45-64,146,164,0.0170294712544462
Female,45-64,146,167,0.0026952181526186
Female,45-64,146,176,0.0036478497669142
Female,45-64,146,183,0.0052166473600649
Female,45-64,146,192,0.0045843131925427
Female,45-64,146,193,0.002621064461402
Female,45-64,146,197,0.0021283188435006
Female,45-64,146,198,0.0039102260918272
Female,45-64,146,207,0.0025287095712737
Female,45-64,146,208,0.0044994796826859
Female,45-64,146,259,0.0085357308960989
Female,45-64,146,261,0.0033525819138149
Female,45-64,146,273,0.0036743153267459
Female,45-64,146,282,0.0010364733249816
Female,45-64,146,287,0.0042341662013326
Female,45-64,146,288,0.0094931298031993
Female,45-64,146,301,0.0036163139339096
Female,45-64,146,324,0.007817349009939
Female,45-64,146,290345,0.0013099362554358
Female,45-64,148,150,0.0039530770829388
Female,45-64,148,200,0.0009412078245287
Female,45-64,148,208,0.0045581070484866
Female,45-64,148,253,0.0040633256168014
Female,45-64,148,284,0.0052543665641087
Female,45-64,148,285,0.0049910588832646
Female,45-64,148,288,0.0103662036533098
Female,45-64,148,293,0.0020703874593121
Female,45-64,148,297,0.0054655453309326
Female,45-64,148,299,0.0072310616810359
Female,45-64,148,300,0.0051027071783738
Female,45-64,148,303,0.0066314104366285
Female,45-64,148,333,0.0008445863102475
Female,45-64,148,290350,0.0017100782266196
Female,45-64,150,56,0.00329535748584
Female,45-64,150,108,0.0064529160040995
Female,45-64,150,110,0.0045050778277776
Female,45-64,150,127,0.0064774535312899
Female,45-64,150,130,0.0095942553241717
Female,45-64,150,145,0.0092480834921548
Female,45-64,150,153,0.0048307791521916
Female,45-64,150,196,0.0084471117519772
Female,45-64,150,222,0.0196019158465662
Female,45-64,150,235,0.0032050719938942
Female,45-64,150,267,0.0033198442718575
Female,45-64,150,276,0.009240226595207
Female,45-64,150,288,0.018753719887787
Female,45-64,150,303,0.0139355106955886
Female,45-64,150,335,0.0034385353458284
Female,45-64,150,340,0.0033691841334868
Female,45-64,150,346,0.0032825553227135
Female,45-64,150,359,0.0046169861615351
Female,45-64,159,20,0.0084380016253103
Female,45-64,159,38,0.0037534771074837
Female,45-64,159,71,0.0047370520862609
Female,45-64,159,80,0.0052654364723853
Female,45-64,159,95,0.0025941390982908
Female,45-64,159,146,0.0218593562621641
Female,45-64,159,166,0.0071802062713685
Female,45-64,159,168,0.0131722827572132
Female,45-64,159,234,0.0060561739777746
Female,45-64,159,235,0.0040071744084411
Female,45-64,159,236,0.0039121449066847
Female,45-64,159,267,0.0026892178920562
Female,45-64,164,12,0.0011810324879871
Female,45-64,164,65,0.0007414527838742
Female,45-64,164,71,0.001660072567541
Female,45-64,164,95,0.000825623332204
Female,45-64,164,113,0.0015774789908249
Female,45-64,164,117,0.0019609367891461
Female,45-64,164,140,0.0039817859636209
Female,45-64,164,145,0.0059882512178079
Female,45-64,164,146,0.0085209570149289
Female,45-64,164,148,0.00599790720121
Female,45-64,164,159,0.002617809524358
Female,45-64,164,162,0.0032582074572863
Female,45-64,164,166,0.0023819728496557
Female,45-64,164,168,0.0067646399429704
Female,45-64,164,171,0.0017174966346927
Female,45-64,164,176,0.0016902353033041
Female,45-64,164,178,0.0015571683657104
Female,45-64,164,181,0.003174763828572
Female,45-64,164,189,0.0019195287340685
Female,45-64,164,198,0.0045992272658906
Female,45-64,164,199,0.0035867206020963
Female,45-64,164,208,0.0080052480847163
Female,45-64,164,222,0.0057165832518048
Female,45-64,164,223,0.0026889272642391
Female,45-64,164,230,0.0043765625224155
Female,45-64,164,239,0.005284725465977
Female,45-64,164,241,0.0017663365943193
Female,45-64,164,252,0.0008218980618537
Female,45-64,164,266,0.0032675865209503
Female,45-64,164,284,0.0044750563338094
Female,45-64,164,285,0.0038213020764763
Female,45-64,164,288,0.0068289367552355
Female,45-64,164,293,0.0017168714631344
Female,45-64,164,298,0.000520654848111
Female,45-64,164,299,0.0060867423344667
Female,45-64,164,301,0.0022086895925619
Female,45-64,164,318,0.000816474445744
Female,45-64,164,332,0.0021809731402636
Female,45-64,164,340,0.0007184773748576
Female,45-64,164,364,0.0043377488100896
Female,45-64,166,2,0.0057867673648057
Female,45-64,166,26,0.0027213344617226
Female,45-64,166,55,0.0037673896183325
Female,45-64,166,56,0.0028089700187628
Female,45-64,166,74,0.0028243771335358
Female,45-64,166,108,0.0038648029137347
Female,45-64,166,146,0.0152219222241462
Female,45-64,166,167,0.0058492268433524
Female,45-64,166,193,0.0041170999930137
Female,45-64,166,196,0.0079342449651089
Female,45-64,166,205,0.0041859125322063
Female,45-64,166,208,0.0102634008311604
Female,45-64,166,209,0.0052858828021042
Female,45-64,166,229,0.005661417345107
Female,45-64,166,234,0.0046520916707572
Female,45-64,166,235,0.0042192632188836
Female,45-64,166,269,0.0028037036316128
Female,45-64,166,270,0.0027188037393439
Female,45-64,166,301,0.0058330049561364
Female,45-64,167,2,0.0038714832354523
Female,45-64,167,26,0.0025193146497676
Female,45-64,167,35,0.0036224230807739
Female,45-64,167,76,0.0071634267013985
Female,45-64,167,79,0.0027214162710076
Female,45-64,167,81,0.0027278113572315
Female,45-64,167,93,0.0049258106912811
Female,45-64,167,96,0.0026554132189603
Female,45-64,167,101,0.0045706972521124
Female,45-64,167,146,0.0134914746906101
Female,45-64,167,164,0.0192873878123491
Female,45-64,167,166,0.0100269619817796
Female,45-64,167,168,0.0235527188283456
Female,45-64,167,169,0.0130669849988153
Female,45-64,167,181,0.0063203124596926
Female,45-64,167,198,0.0083946314603664
Female,45-64,167,218,0.0040046930523574
Female,45-64,167,259,0.0191732543247799
Female,45-64,167,287,0.0085846958412885
Female,45-64,168,12,0.0017680171173217
Female,45-64,168,78,0.0037403124639453
Female,45-64,168,88,0.0009511915985645
Female,45-64,168,113,0.0024141666226246
Female,45-64,168,146,0.0089200543854572
Female,45-64,168,159,0.0026748626252365
Female,45-64,168,162,0.0016936436383491
Female,45-64,168,164,0.0197790045466324
Female,45-64,168,166,0.0038495510759774
Female,45-64,168,167,0.0061150879956224
Female,45-64,168,169,0.0027234743995055
Female,45-64,168,170,0.0012502816953221
Female,45-64,168,189,0.0033645588620064
Female,45-64,168,200,0.0009867570779194
Female,45-64,168,208,0.0069672947664269
Female,45-64,168,239,0.0055915861785187
Female,45-64,168,265,0.0018355264203937
Female,45-64,168,323,0.0015878588514275
Female,45-64,169,93,0.0052665699438227
Female,45-64,169,95,0.0043228547296337
Female,45-64,169,130,0.0092944251023454
Female,45-64,169,167,0.0091469806118286
Female,45-64,169,181,0.0100715848766966
Female,45-64,169,188,0.0029362443603595
Female,45-64,169,193,0.0055986929455124
Female,45-64,169,201,0.0027041182941439
Female,45-64,169,206,0.0028756383124582
Female,45-64,169,214,0.0091488462417753
Female,45-64,169,266,0.0094711652352811
Female,45-64,169,341,0.0027372306971972
Female,45-64,169,345,0.0063258816815547
Female,45-64,171,67,0.0034134715502391
Female,45-64,171,101,0.0080503413783259
Female,45-64,171,112,0.0047300934837058
Female,45-64,171,135,0.0060793484586686
Female,45-64,171,156,0.0036098152072415
Female,45-64,171,176,0.0092691797880145
Female,45-64,171,178,0.0048327523550183
Female,45-64,171,268,0.0047761894458244
Female,45-64,171,162164,0.0035237002786455
Female,45-64,176,108,0.008095221993043
Female,45-64,176,112,0.0079569182704382
Female,45-64,176,139,0.0123372805293112
Female,45-64,176,149,0.0049983659214018
Female,45-64,176,171,0.0074106444174262
Female,45-64,176,178,0.0080501415726319
Female,45-64,176,188,0.0033358449940414
Female,45-64,176,208,0.0112838760348313
Female,45-64,176,218,0.0030219629375843
Female,45-64,176,220,0.0046617167367835
Female,45-64,176,232,0.0031330139102464
Female,45-64,176,298,0.0016470202892395
Female,45-64,176,338,0.0057921818397222
Female,45-64,181,71,0.0046453428097552
Female,45-64,181,73,0.0021008515887635
Female,45-64,181,91,0.0030050488943813
Female,45-64,181,114,0.0102744165746303
Female,45-64,181,124,0.0078162252398308
Female,45-64,181,128,0.0029520005649891
Female,45-64,181,137,0.0046248458431151
Female,45-64,181,164,0.0224673604391347
Female,45-64,181,166,0.0064542364222597
Female,45-64,181,173,0.002133727780951
Female,45-64,181,176,0.00859290137849
Female,45-64,181,177,0.0021603872539877
Female,45-64,181,191,0.0030940951936249
Female,45-64,181,199,0.0072720616851562
Female,45-64,181,209,0.0036678346899248
Female,45-64,181,232,0.0018954093443941
Female,45-64,181,234,0.0043599155087956
Female,45-64,181,235,0.0029320223348004
Female,45-64,181,271,0.0021271210873736
Female,45-64,181,288,0.017265245634293
Female,45-64,181,299,0.0138727183095494
Female,45-64,181,352,0.0021125795602003
Female,45-64,181,363,0.0029069334330462
Female,45-64,182,1,0.0011413156206133
Female,45-64,182,96,0.0013016763210936
Female,45-64,182,183,0.0049535097823864
Female,45-64,182,293,0.0027354444468918
Female,45-64,183,55,0.0030609785361098
Female,45-64,183,78,0.0050291838387064
Female,45-64,183,88,0.0017703821411645
Female,45-64,183,137,0.003807807373131
Female,45-64,183,165,0.0031374706575744
Female,45-64,183,170,0.002643674929812
Female,45-64,183,182,0.0091301872761504
Female,45-64,183,205,0.0035090647578484
Female,45-64,183,206,0.0017634852788928
Female,45-64,183,221,0.0017465589104864
Female,45-64,183,224,0.0017689714386834
Female,45-64,183,233,0.0024861815923806
Female,45-64,183,332,0.0037801499861527
Female,45-64,183,364,0.0093388053539875
Female,45-64,189,11,0.0018997899376708
Female,45-64,189,134,0.0019045087131695
Female,45-64,189,138,0.0056723798152951
Female,45-64,189,140,0.0245383879017297
Female,45-64,189,142,0.0017764971417812
Female,45-64,189,146,0.0105468452795732
Female,45-64,189,164,0.0137117919086655
Female,45-64,189,190,0.0061973436225867
Female,45-64,189,209,0.0044061242647991
Female,45-64,189,265,0.002621069919094
Female,45-64,189,267,0.0018389471031814
Female,45-64,189,290,0.0067349526358417
Female,45-64,189,354,0.0041718111523362
Female,45-64,189,361,0.0019215441990877
Female,45-64,189,365,0.0038039258662931
Female,45-64,190,86,0.0020122588585532
Female,45-64,190,95,0.0015688394038153
Female,45-64,190,138,0.0025068722079837
Female,45-64,190,140,0.0246688090424184
Female,45-64,190,142,0.0015600648421965
Female,45-64,190,145,0.0055785174091156
Female,45-64,190,149,0.0021357473775657
Female,45-64,190,189,0.0106890573579259
Female,45-64,190,208,0.0064048957636596
Female,45-64,190,273,0.0037681778845679
Female,45-64,190,280,0.0016307844051321
Female,45-64,190,303,0.0069267591448017
Female,45-64,192,61,0.0024180083709154
Female,45-64,192,68,0.0020185520084775
Female,45-64,192,137,0.0040180130490479
Female,45-64,192,145,0.0099730349085951
Female,45-64,192,146,0.0142446993152892
Female,45-64,192,183,0.0039308127588533
Female,45-64,192,190,0.0054971404504601
Female,45-64,192,191,0.0017907250770996
Female,45-64,192,193,0.0025703686456892
Female,45-64,192,197,0.0022349896108191
Female,45-64,192,198,0.0068862842451904
Female,45-64,192,199,0.0033271903956724
Female,45-64,192,208,0.0057358084557595
Female,45-64,192,222,0.0123803362775174
Female,45-64,192,259,0.0098459495299824
Female,45-64,192,285,0.0085345135824831
Female,45-64,192,287,0.0043490205264954
Female,45-64,192,295,0.0026907973441933
Female,45-64,192,324,0.0071226523223621
Female,45-64,192,329,0.0010077294067504
Female,45-64,192,340,0.0019964921409444
Female,45-64,192,358,0.0025099272465816
Female,45-64,196,1,0.0025570624904782
Female,45-64,196,23,0.0091897641032543
Female,45-64,196,26,0.0036354507449169
Female,45-64,196,81,0.0025505316157014
Female,45-64,196,83,0.0024966294316501
Female,45-64,196,95,0.0023813818417891
Female,45-64,196,101,0.00432254375106
Female,45-64,196,108,0.0033255973379504
Female,45-64,196,153,0.0034576340852848
Female,45-64,196,189,0.006084844222931
Female,45-64,196,197,0.0076692649481062
Female,45-64,196,198,0.0090982871989867
Female,45-64,196,199,0.0118005905382352
Female,45-64,196,205,0.0050199389454023
Female,45-64,196,206,0.0024687803987988
Female,45-64,196,239,0.0148329322367439
Female,45-64,196,253,0.0100499877090112
Female,45-64,196,274,0.0054634691841289
Female,45-64,196,290,0.0108796958023576
Female,45-64,198,40,0.0013250442192177
Female,45-64,198,108,0.0022357541758528
Female,45-64,198,114,0.0069201956239252
Female,45-64,198,139,0.0076028425929193
Female,45-64,198,146,0.0152030117987899
Female,45-64,198,148,0.0090293568645785
Female,45-64,198,149,0.0018763591093413
Female,45-64,198,164,0.0177168859755819
Female,45-64,198,168,0.0082571372072231
Female,45-64,198,169,0.0037623119356031
Female,45-64,198,192,0.0177890516614627
Female,45-64,198,200,0.00130058885002
Female,45-64,198,201,0.003328681907125
Female,45-64,198,208,0.0119851745318536
Female,45-64,198,209,0.0027700090248632
Female,45-64,198,214,0.0039731865971484
Female,45-64,198,219,0.0054799886775143
Female,45-64,198,301,0.0042876448525984
Female,45-64,198,324,0.0108444869053612
Female,45-64,198,364,0.007407364661581
Female,45-64,199,23,0.0122365291414847
Female,45-64,199,96,0.0024661242097163
Female,45-64,199,112,0.0047973206140249
Female,45-64,199,146,0.025203985367901
Female,45-64,199,147,0.0025159855840202
Female,45-64,199,158,0.0025945505132348
Female,45-64,199,162,0.0035376184005284
Female,45-64,199,163,0.0046094000532491
Female,45-64,199,164,0.0220444543843193
Female,45-64,199,165,0.0046189572159097
Female,45-64,199,168,0.0122529198902419
Female,45-64,199,173,0.002630325170604
Female,45-64,199,181,0.010089408436835
Female,45-64,199,196,0.020852086238378
Female,45-64,199,197,0.0034562693563542
Female,45-64,199,201,0.0053238047821438
Female,45-64,199,232,0.0025074492271059
Female,45-64,199,295,0.0044499543686855
Female,45-64,199,306,0.0036545607092992
Female,45-64,199,342,0.0025088421680899
Female,45-64,199,353,0.0032794043828322
Female,45-64,208,74,0.0018302271076604
Female,45-64,208,86,0.0021067498572232
Female,45-64,208,93,0.0027496796741531
Female,45-64,208,99,0.0010492072460562
Female,45-64,208,108,0.0026296297904449
Female,45-64,208,123,0.0030730327715448
Female,45-64,208,146,0.0065775129271632
Female,45-64,208,148,0.0104782374662917
Female,45-64,208,162,0.002316412443911
Female,45-64,208,164,0.0161823967634453
Female,45-64,208,168,0.0066654801138931
Female,45-64,208,209,0.0021090090329391
Female,45-64,208,212,0.0020376448498515
Female,45-64,208,214,0.008660895209818
Female,45-64,208,222,0.0132787742533946
Female,45-64,208,223,0.0036531292635699
Female,45-64,208,226,0.0073603930077321
Female,45-64,208,230,0.0067955652908701
Female,45-64,208,259,0.0097029524093679
Female,45-64,208,276,0.0035054620893883
Female,45-64,208,284,0.0075153104292308
Female,45-64,208,286,0.0027111673876843
Female,45-64,208,288,0.008779059753837
Female,45-64,208,299,0.0077841746508943
Female,45-64,208,301,0.0033078304061793
Female,45-64,208,303,0.0100567052882174
Female,45-64,208,365,0.0013632988927841
Female,45-64,208,162164,0.0014752332913716
Female,45-64,214,18,0.0045202402386172
Female,45-64,214,61,0.0037835456974612
Female,45-64,214,73,0.0026173411163289
Female,45-64,214,138,0.0037074524396913
Female,45-64,214,218,0.0037721565796436
Female,45-64,214,226,0.0137085344433126
Female,45-64,214,279,0.0052276033140425
Female,45-64,219,2,0.0019732511690713
Female,45-64,219,118,0.0014011312665192
Female,45-64,219,147,0.0020389474078232
Female,45-64,219,217,0.0026731725619457
Female,45-64,219,221,0.0020655312405142
Female,45-64,219,222,0.0137247100065083
Female,45-64,219,226,0.0093043099284155
Female,45-64,219,348,0.0026850741634784
Female,45-64,222,65,0.0009994561091305
Female,45-64,222,108,0.0017637177709436
Female,45-64,222,132,0.0049140097267942
Female,45-64,222,135,0.0028632310705677
Female,45-64,222,137,0.0019822440109889
Female,45-64,222,146,0.0070933260835386
Female,45-64,222,164,0.012294859245442
Female,45-64,222,168,0.0064357270554483
Female,45-64,222,208,0.0054532527442219
Female,45-64,222,212,0.0016300758606399
Female,45-64,222,219,0.0054026101347008
Female,45-64,222,220,0.0014821782077625
Female,45-64,222,221,0.0009243835506902
Female,45-64,222,223,0.0040328695383859
Female,45-64,222,239,0.0041363589247166
Female,45-64,222,253,0.0051601774964387
Female,45-64,222,255,0.0074564088281196
Female,45-64,222,259,0.0074496841765051
Female,45-64,222,266,0.0034757618618178
Female,45-64,222,279,0.0031450019828221
Female,45-64,222,288,0.0101035653864159
Female,45-64,222,295,0.0032062108419274
Female,45-64,222,299,0.0071184351927197
Female,45-64,222,301,0.0031093184422817
Female,45-64,222,303,0.0067281896329262
Female,45-64,222,324,0.0038273752104775
Female,45-64,222,364,0.0051761754481583
Female,45-64,222,239255,0.0022512500765785
Female,45-64,223,59,0.0047993458715525
Female,45-64,223,61,0.0030069717061858
Female,45-64,223,74,0.0031045213040785
Female,45-64,223,145,0.0115784590579198
Female,45-64,223,147,0.0030593318397544
Female,45-64,223,151,0.0046559609638869
Female,45-64,223,164,0.0246143185342941
Female,45-64,223,208,0.015457727413523
Female,45-64,223,209,0.0042767772220246
Female,45-64,223,213,0.0031074642055989
Female,45-64,223,216,0.003133722685486
Female,45-64,223,222,0.016941959943105
Female,45-64,223,224,0.0031961697464259
Female,45-64,223,241,0.0055281085120489
Female,45-64,223,254,0.0029640401572223
Female,45-64,223,275,0.0068663446190485
Female,45-64,223,300,0.0104673808611555
Female,45-64,223,301,0.0096151912159255
Female,45-64,223,318,0.0047866180545183
Female,45-64,223,359,0.0042569702490516
Female,45-64,223,368,0.0043715049496883
Female,45-64,226,11,0.0021027522487033
Female,45-64,226,37,0.0048944923946877
Female,45-64,226,40,0.0013932940281871
Female,45-64,226,91,0.0025402654285499
Female,45-64,226,93,0.0057159149594039
Female,45-64,226,101,0.0034802674525053
Female,45-64,226,163,0.0059102756450592
Female,45-64,226,164,0.012562314720119
Female,45-64,226,212,0.0047596005869354
Female,45-64,226,214,0.0061648315619166
Female,45-64,226,219,0.0124468190375543
Female,45-64,226,222,0.0139918278081801
Female,45-64,226,223,0.0061697083252528
Female,45-64,226,235,0.0019657357722904
Female,45-64,230,12,0.0033248509112708
Female,45-64,230,96,0.001858377946431
Female,45-64,230,108,0.0020391093530664
Female,45-64,230,110,0.0025162549022788
Female,45-64,230,208,0.0135783648428806
Female,45-64,230,213,0.0019450610958251
Female,45-64,230,214,0.0049854698601247
Female,45-64,230,218,0.0018050789556653
Female,45-64,230,222,0.0078615694137055
Female,45-64,230,223,0.0077930601011023
Female,45-64,230,229,0.0038555771952803
Female,45-64,230,231,0.0024112050456315
Female,45-64,230,258,0.0028126769815122
Female,45-64,230,285,0.0072030414840825
Female,45-64,230,290345,0.0014368235050587
Female,45-64,230,338364,0.0013282937455155
Female,45-64,239,1,0.0013683551686968
Female,45-64,239,2,0.0015682629882012
Female,45-64,239,38,0.0024221669607399
Female,45-64,239,68,0.0023409132954411
Female,45-64,239,76,0.0037694957451128
Female,45-64,239,91,0.0021297762896967
Female,45-64,239,110,0.0032788150851243
Female,45-64,239,119,0.0031608181113702
Female,45-64,239,139,0.0064257867056623
Female,45-64,239,145,0.0051875590481005
Female,45-64,239,213,0.0013319260795422
Female,45-64,239,214,0.0038617769787628
Female,45-64,239,218,0.0016613934036115
Female,45-64,239,220,0.0018973638243833
Female,45-64,239,232,0.0018073937595382
Female,45-64,239,255,0.0170072960271879
Female,45-64,239,256,0.0054811082741774
Female,45-64,239,333,0.0013087411904705
Female,45-64,241,2,0.0028996810925041
Female,45-64,241,20,0.0121929820351227
Female,45-64,241,67,0.003092712663932
Female,45-64,241,71,0.0058202809960913
Female,45-64,241,129,0.0030765388408589
Female,45-64,241,148,0.0174839276307456
Female,45-64,241,165,0.0044152568190744
Female,45-64,241,198,0.0107431408955809
Female,45-64,241,229,0.0045090637570558
Female,45-64,241,231,0.0030099632452685
Female,45-64,241,233,0.0063438939012672
Female,45-64,241,236,0.0063495543391663
Female,45-64,241,332,0.0055893570852917
Female,45-64,253,17,0.0013951055216332
Female,45-64,253,26,0.0025256491086993
Female,45-64,253,44,0.0068515096834169
Female,45-64,253,46,0.0090744085238248
Female,45-64,253,73,0.0009763260128712
Female,45-64,253,159,0.0036696448430947
Female,45-64,253,191,0.0018643501639236
Female,45-64,253,193,0.0022319204286111
Female,45-64,253,195,0.0010006669553339
Female,45-64,253,240,0.0015152359737075
Female,45-64,253,273,0.0062229509289152
Female,45-64,253,279,0.0039281842300548
Female,45-64,253,324,0.0057290460289493
Female,45-64,253,326,0.001574194288335
Female,45-64,255,208,0.0063559209306113
Female,45-64,255,219,0.0044810832149009
Female,45-64,255,222,0.0074537758160282
Female,45-64,255,230,0.0057259896763818
Female,45-64,255,239,0.0225024022326397
Female,45-64,255,240,0.0013275592110504
Female,45-64,255,253,0.0064670058083395
Female,45-64,255,289,0.0017552125564618
Female,45-64,255,306,0.0020099948648163
Female,45-64,256,86,0.0028053129209886
Female,45-64,256,214,0.0055735435295795
Female,45-64,256,222,0.0171295248025749
Female,45-64,256,239,0.0099366806009798
Female,45-64,256,254,0.0048822486125813
Female,45-64,256,267,0.0019098717921557
Female,45-64,256,333,0.0030171209187231
Female,45-64,256,351,0.0018975994166064
Female,45-64,256,357,0.0062480855442027
Female,45-64,259,35,0.0012757590455627
Female,45-64,259,46,0.0042787998358617
Female,45-64,259,261,0.0019347047822365
Female,45-64,259,299,0.0052736276388504
Female,45-64,259,303,0.0034967857132271
Female,45-64,261,26,0.0029548972845217
Female,45-64,261,123,0.0069130052076355
Female,45-64,261,142,0.0029810980021623
Female,45-64,261,144,0.007819714486053
Female,45-64,261,207,0.0071954282512911
Female,45-64,261,208,0.0106667655767511
Female,45-64,261,285,0.0143307038234331
Female,45-64,261,292,0.0171393398827434
Female,45-64,261,293,0.0052728641321828
Female,45-64,266,188,0.0012762540903376
Female,45-64,266,189,0.0051430792222622
Female,45-64,266,193,0.0022327409299025
Female,45-64,266,204,0.0019814899281438
Female,45-64,266,268,0.0033161928900578
Female,45-64,266,279,0.0039351710221156
Female,45-64,266,329,0.0012998817897726
Female,45-64,272,80,0.0045570478413848
Female,45-64,272,96,0.0030651034593658
Female,45-64,272,112,0.0043770070782149
Female,45-64,272,136,0.0032965486955833
Female,45-64,272,197,0.0029936127756218
Female,45-64,272,218,0.0030411657270232
Female,45-64,272,222,0.0139153076976314
Female,45-64,272,263,0.0043886527862662
Female,45-64,272,270,0.0047361919178421
Female,45-64,272,275,0.0070140642676911
Female,45-64,272,283,0.0031846691817313
Female,45-64,272,326,0.0015985490925056
Female,45-64,272,342,0.0031899101513141
Female,45-64,272,359,0.0060640268428023
Female,45-64,273,8,0.002154278391107
Female,45-64,273,74,0.0020461404955983
Female,45-64,273,83,0.0032174837079216
Female,45-64,273,91,0.0053166117492799
Female,45-64,273,96,0.0031108361107952
Female,45-64,273,134,0.0021480127532957
Female,45-64,273,136,0.0021097628855991
Female,45-64,273,232,0.0020338709765415
Female,45-64,273,233,0.0052595285365668
Female,45-64,273,253,0.010230060999827
Female,45-64,273,280,0.0021065951255227
Female,45-64,273,288,0.0144444759335825
Female,45-64,273,295,0.0081527012964767
Female,45-64,273,332,0.0045669921378817
Female,45-64,273,333,0.0020900533036918
Female,45-64,273,358,0.0037545321378507
Female,45-64,274,13,0.006533781280047
Female,45-64,274,40,0.0026064237220311
Female,45-64,274,283,0.0093486242079022
Female,45-64,274,295,0.004418039469941
Female,45-64,274,332,0.0056960223765107
Female,45-64,275,13,0.0100702808066112
Female,45-64,275,121,0.0060188829542443
Female,45-64,275,151,0.0030532190142883
Female,45-64,275,268,0.0038357731369881
Female,45-64,275,270,0.0030812601113495
Female,45-64,275,272,0.0047081492385139
Female,45-64,276,91,0.0034839360198023
Female,45-64,276,122,0.0043867359149286
Female,45-64,276,166,0.0053253286760431
Female,45-64,276,261,0.0063682528058729
Female,45-64,276,265,0.0034425786869189
Female,45-64,277,209,0.0046194243456301
Female,45-64,277,261,0.0072701395243004
Female,45-64,277,293,0.0057994768275638
Female,45-64,277,297,0.007117668542959
Female,45-64,279,1,0.0118679184524702
Female,45-64,279,12,0.0031047611845475
Female,45-64,279,77,0.0063123205174945
Female,45-64,279,99,0.0021690762634242
Female,45-64,279,124,0.0095629282454714
Female,45-64,279,150,0.0066826620434425
Female,45-64,279,183,0.0064373242643129
Female,45-64,279,204,0.0022655499603865
Female,45-64,279,211,0.0028558251499334
Female,45-64,279,232,0.0021387705539691
Female,45-64,279,290,0.0066087748089466
Female,45-64,279,305,0.0099525933595332
Female,45-64,279,312,0.0030270205029889
Female,45-64,279,371,0.0028436041325913
Female,45-64,284,148,0.0103432790506632
Female,45-64,284,177,0.0009687394057055
Female,45-64,284,285,0.0075167287949449
Female,45-64,284,286,0.00541967693477
Female,45-64,284,287,0.0047367798385604
Female,45-64,284,288,0.0103920971607022
Female,45-64,284,297,0.0041213399033604
Female,45-64,284,317,0.003266744508367
Female,45-64,284,363,0.0016835435568014
Female,45-64,284,371,0.0049943741061698
Female,45-64,285,11,0.0013586462920557
Female,45-64,285,76,0.0047056006693476
Female,45-64,285,96,0.0011949288015112
Female,45-64,285,156,0.0007704562919163
Female,45-64,285,164,0.00755093935321
Female,45-64,285,223,0.0026398210912933
Female,45-64,285,226,0.0036783274340521
Female,45-64,285,252,0.0008116595447201
Female,45-64,285,284,0.0061357258285618
Female,45-64,285,286,0.0031765461776963
Female,45-64,285,292,0.005978899999734
Female,45-64,285,293,0.0034407655258226
Female,45-64,285,300,0.0049592251188057
Female,45-64,285,333,0.0013309864179672
Female,45-64,285,371,0.0051944591201094
Female,45-64,285,287288,0.0019547239455437
Female,45-64,286,46,0.0152654777274085
Female,45-64,286,93,0.005548022475909
Female,45-64,286,112,0.0041279057715112
Female,45-64,286,148,0.0151979211917538
Female,45-64,286,164,0.0218261802894601
Female,45-64,286,193,0.0042859976930459
Female,45-64,286,264,0.0040618973252554
Female,45-64,286,275,0.0065703427621755
Female,45-64,286,284,0.0147173074420341
Female,45-64,286,285,0.0136999965352949
Female,45-64,286,287,0.0075716705365132
Female,45-64,286,288,0.0238353820094951
Female,45-64,286,297,0.0074353488909163
Female,45-64,286,299,0.018123988408812
Female,45-64,286,312,0.0041318614674065
Female,45-64,286,324,0.0121551498330623
Female,45-64,287,1,0.0013464694240548
Female,45-64,287,30,0.0013890668660424
Female,45-64,287,96,0.0019200480868736
Female,45-64,287,108,0.0023625267038926
Female,45-64,287,110,0.0036848675279648
Female,45-64,287,144,0.0050509250396231
Female,45-64,287,151,0.0041315212766846
Female,45-64,287,165,0.0038120125782836
Female,45-64,287,181,0.0077292244706289
Female,45-64,287,213,0.001324682041541
Female,45-64,287,230,0.0066563449834307
Female,45-64,287,235,0.001941258525063
Female,45-64,287,270,0.0019078899669101
Female,45-64,287,285,0.0101681349763311
Female,45-64,287,286,0.0043736000412755
Female,45-64,287,288,0.0478866637839302
Female,45-64,287,289,0.00206445078621
Female,45-64,287,300,0.008835339216099
Female,45-64,287,301,0.0087802978431587
Female,45-64,287,303,0.0102889849162494
Female,45-64,287,306,0.0048197911986084
Female,45-64,288,55,0.0011973016926941
Female,45-64,288,57,0.0007702294556992
Female,45-64,288,117,0.0022607984007187
Female,45-64,288,118,0.0007842846681182
Female,45-64,288,137,0.0016077138749038
Female,45-64,288,139,0.0034537499336401
Female,45-64,288,140,0.0050975471684457
Female,45-64,288,145,0.0028456550954385
Female,45-64,288,148,0.0093799751716232
Female,45-64,288,150,0.0022733911323792
Female,45-64,288,158,0.000939171624013
Female,45-64,288,164,0.0126163940984887
Female,45-64,288,171,0.0022284884477118
Female,45-64,288,181,0.0024297395873949
Female,45-64,288,183,0.0023184627790419
Female,45-64,288,208,0.0044673864187375
Female,45-64,288,219,0.0027057744446993
Female,45-64,288,222,0.0051449415330324
Female,45-64,288,223,0.0031416061762126
Female,45-64,288,259,0.0089327006018796
Female,45-64,288,261,0.0023717083678778
Female,45-64,288,266,0.0038618180576178
Female,45-64,288,273,0.0023182412988295
Female,45-64,288,276,0.0022784190599704
Female,45-64,288,284,0.0052989904530005
Female,45-64,288,286,0.0017425160452138
Female,45-64,288,287,0.0160312709169769
Female,45-64,288,289,0.0031803938893006
Female,45-64,288,299,0.0099830957750491
Female,45-64,288,300,0.0041262913268878
Female,45-64,288,301,0.0056858976594987
Female,45-64,288,303,0.0088989031344498
Female,45-64,288,306,0.0012250448215554
Female,45-64,288,312,0.0010413178540235
Female,45-64,288,314,0.000616862109608
Female,45-64,288,323,0.0011939109714416
Female,45-64,288,360,0.0012785242713111
Female,45-64,290,129,0.002654971994912
Female,45-64,290,153,0.0035966613972508
Female,45-64,290,220,0.0045080985155996
Female,45-64,290,221,0.0018559190932496
Female,45-64,290,286,0.005487762376314
Female,45-64,292,76,0.0028201794408772
Female,45-64,292,164,0.0105481065536615
Female,45-64,292,226,0.0040352631919648
Female,45-64,292,279,0.0043155068030343
Female,45-64,292,285,0.0312145888613003
Female,45-64,292,293,0.0031355949599051
Female,45-64,292,300,0.0071779226516061
Female,45-64,292,302,0.0008406395262341
Female,45-64,292,317,0.0025179775531508
Female,45-64,293,59,0.0029558570954452
Female,45-64,293,115,0.0028632722853784
Female,45-64,293,124,0.0095950406324537
Female,45-64,293,192,0.0085120185844547
Female,45-64,293,263,0.0040263229625757
Female,45-64,293,279,0.0064356129243565
Female,45-64,293,285,0.0155419031276476
Female,45-64,293,301,0.0059341540327999
Female,45-64,293,364,0.0124515474251583
Female,45-64,293,239255,0.0040915246072279
Female,45-64,297,56,0.0019765704569278
Female,45-64,297,72,0.005050428809252
Female,45-64,297,283,0.0020373636944555
Female,45-64,297,284,0.0144649434623166
Female,45-64,297,288,0.013458543133756
Female,45-64,297,289,0.0019671298971155
Female,45-64,297,290,0.006047925012949
Female,45-64,297,300,0.0117405331960575
Female,45-64,297,312,0.003932924016301
Female,45-64,297,333,0.0020043420632296
Female,45-64,297,359,0.0048308306058459
Female,45-64,299,72,0.0013546675094484
Female,45-64,299,146,0.0046623411358414
Female,45-64,299,148,0.0052200137265639
Female,45-64,299,150,0.0029179928505938
Female,45-64,299,190,0.0031042004365485
Female,45-64,299,198,0.0031865925944958
Female,45-64,299,208,0.0050597005474319
Female,45-64,299,241,0.0019268899324238
Female,45-64,299,284,0.0055018728127368
Female,45-64,299,287,0.0063638486776708
Female,45-64,299,288,0.0126723632096583
Female,45-64,299,300,0.003653144809344
Female,45-64,299,301,0.0046256343889795
Female,45-64,299,303,0.0114035372703422
Female,45-64,300,47,0.0027751628599539
Female,45-64,300,59,0.0017376406574605
Female,45-64,300,124,0.0063196422358911
Female,45-64,300,148,0.008223874412754
Female,45-64,300,189,0.0037118027760442
Female,45-64,300,198,0.0067760227713465
Female,45-64,300,268,0.0026951533556379
Female,45-64,300,279,0.0043744937357744
Female,45-64,300,284,0.0073257334415796
Female,45-64,300,286,0.003024135199458
Female,45-64,300,287,0.0043208355860052
Female,45-64,300,288,0.0131041805954201
Female,45-64,300,292,0.0061431405232595
Female,45-64,300,297,0.0036294761685545
Female,45-64,300,303,0.0127844390405553
Female,45-64,300,305,0.0050612652006113
Female,45-64,300,312,0.0045325337325713
Female,45-64,301,46,0.0121625810603693
Female,45-64,301,74,0.0024160168047998
Female,45-64,301,140,0.0116615806976899
Female,45-64,301,145,0.0081573418129839
Female,45-64,301,146,0.020422013467338
Female,45-64,301,148,0.0138403448129138
Female,45-64,301,168,0.0162894271489305
Female,45-64,301,169,0.0069377312784897
Female,45-64,301,223,0.005989946933082
Female,45-64,301,256,0.0069007000790133
Female,45-64,301,277,0.0053885687481108
Female,45-64,301,287,0.008574033656462
Female,45-64,301,288,0.023512464790661
Female,45-64,301,299,0.0228890754922606
Female,45-64,301,300,0.009599268392388
Female,45-64,301,305,0.0088246974630362
Female,45-64,301,339,0.004455217929173
Female,45-64,301,342,0.0024567744715185
Female,45-64,303,26,0.0012597944430557
Female,45-64,303,147,0.0012227465535608
Female,45-64,303,148,0.0094635447650216
Female,45-64,303,150,0.004506608082318
Female,45-64,303,164,0.0169220294653318
Female,45-64,303,201,0.001650807813
Female,45-64,303,219,0.0047031016143304
Female,45-64,303,220,0.0021250191987873
Female,45-64,303,233,0.0014818799746651
Female,45-64,303,239,0.0059868252430553
Female,45-64,303,258,0.0018274206218327
Female,45-64,303,284,0.0076739950328554
Female,45-64,303,285,0.0057184477235675
Female,45-64,303,287,0.003962476282814
Female,45-64,303,288,0.0114003832834649
Female,45-64,303,295,0.0028488283919474
Female,45-64,303,299,0.0168321508067909
Female,45-64,303,300,0.0072208084892614
Female,45-64,303,301,0.0081452409784099
Female,45-64,303,324,0.0035824723560667
Female,45-64,303,287288,0.0015015342039017
Female,45-64,305,57,0.0017259105337285
Female,45-64,305,279,0.0050813441804349
Female,45-64,305,301,0.0060752225016861
Female,45-64,305,355,0.0024559425611981
Female,45-64,317,52,0.0031698073054885
Female,45-64,317,151,0.0031848834749871
Female,45-64,317,170,0.0021807594198349
Female,45-64,317,172,0.0022613435185032
Female,45-64,317,269,0.0021547666303091
Female,45-64,317,274,0.0046947744989595
Female,45-64,317,280,0.0034506649589717
Female,45-64,317,283,0.0021848038916897
Female,45-64,317,284,0.0105733665553271
Female,45-64,317,289,0.0021133776538906
Female,45-64,317,300,0.0119967227311439
Female,45-64,324,88,0.0016501278360334
Female,45-64,324,145,0.0085953578447717
Female,45-64,324,146,0.0152924784897564
Female,45-64,324,147,0.0024586905212893
Female,45-64,324,150,0.0050212810989073
Female,45-64,324,191,0.0023050537804754
Female,45-64,324,192,0.0101812542541426
Female,45-64,324,193,0.0094219371164866
Female,45-64,324,195,0.0026585899385494
Female,45-64,324,197,0.0031051005620601
Female,45-64,324,198,0.0087411990311023
Female,45-64,324,208,0.008421816815324
Female,45-64,324,223,0.0046441576081677
Female,45-64,324,261,0.0076168421307639
Female,45-64,324,272,0.0063197299807366
Female,45-64,324,295,0.0054356868567127
Female,45-64,324,326,0.0017310747839014
Female,45-64,332,136,0.0034423840898687
Female,45-64,332,145,0.0108810615530469
Female,45-64,332,162,0.0031420179510017
Female,45-64,332,218,0.0032397914580107
Female,45-64,332,263,0.0046473678252184
Female,45-64,332,275,0.009219657443777
Female,45-64,338,73,0.0034648315607108
Female,45-64,338,112,0.0046038661864682
Female,45-64,338,115,0.0032091609228648
Female,45-64,338,191,0.0032257411186023
Female,45-64,338,214,0.0074927681983776
Female,45-64,338,268,0.0045303934078919
Female,45-64,338,318,0.0066672187458045
Female,45-64,338,339,0.0061895009931556
Female,45-64,338,340,0.0033739872148994
Female,45-64,345,99,0.0030254424483926
Female,45-64,345,142,0.0030492321418542
Female,45-64,345,150,0.008156031671141
Female,45-64,345,290,0.05383596936645
Female,45-64,345,297,0.0064251226299912
Female,45-64,345,299,0.0180912010547879
Female,45-64,345,317,0.0265453226626814
Female,45-64,345,318,0.0042987982414373
Female,45-64,345,353,0.0075179505375662
Female,45-64,348,290,0.0334350056607584
Female,45-64,348,317,0.0093514639046238
Female,45-64,348,357,0.0084041192654433
Female,45-64,348,362,0.0033712859424226
Female,45-64,350,88,0.0023001715079796
Female,45-64,350,286,0.0041719422832678
Female,45-64,350,290,0.0432192395592089
Female,45-64,350,297,0.0051398949045203
Female,45-64,350,317,0.0065109606476322
Female,45-64,350,354,0.0033745045541359
Female,45-64,350,359,0.0029110435699245
Female,45-64,356,83,0.0023090793616309
Female,45-64,356,284,0.0113640975714793
Female,45-64,356,290,0.0334761785022292
Female,45-64,356,317,0.0062116835762388
Female,45-64,357,200,0.0015706395743935
Female,45-64,357,205,0.0030806931593279
Female,45-64,357,290,0.0289128455751386
Female,45-64,357,312,0.0047594377467764
Female,45-64,357,317,0.0090055379671682
Female,45-64,357,350,0.0119273604814643
Female,45-64,357,358,0.0052490846226372
Female,45-64,364,2,0.0021423050702186
Female,45-64,364,81,0.0009542331233911
Female,45-64,364,93,0.003047398181291
Female,45-64,364,137,0.0022573829460143
Female,45-64,364,148,0.0065322138922203
Female,45-64,364,164,0.0082140451726989
Female,45-64,364,171,0.0024353855701318
Female,45-64,364,272,0.0028950367630397
Female,45-64,364,292,0.0051880320808103
Female,45-64,364,299,0.0066724178282199
Female,45-64,364,314,0.000951124236326
Female,45-64,364,317,0.0025453334636905
Female,45-64,364,338,0.0024647662469633
Female,45-64,364,359,0.0035310301214454
Female,45-64,364,368,0.0022521596816132
Female,45-64,239255,177,0.0018519482534877
Female,45-64,239255,197,0.003520625979643
Female,45-64,239255,198,0.0089282242888618
Female,45-64,239255,208,0.0117651021605783
Female,45-64,239255,230,0.0099178343870206
Female,45-64,239255,300,0.0130139078094067
Female,45-64,239255,366,0.0018435310265229
Male,45-64,5,7,0.0015101128708175
Male,45-64,5,44,0.0146330756532445
Male,45-64,5,212,0.002862256941018
Male,45-64,5,234,0.0055031394855699
Male,45-64,5,240,0.0043927810820728
Male,45-64,13,2,0.0037665771401235
Male,45-64,13,56,0.0018943261579614
Male,45-64,13,57,0.0019429530890121
Male,45-64,13,73,0.0037499908103774
Male,45-64,13,86,0.0027473085220256
Male,45-64,13,156,0.0019719371857542
Male,45-64,13,219,0.0061602125071182
Male,45-64,13,249,0.0035531184794289
Male,45-64,13,266,0.0060772774347914
Male,45-64,13,275,0.0075376633522004
Male,45-64,13,309,0.0018626368182495
Male,45-64,13,340,0.0019400398221796
Male,45-64,13,287288,0.002729906829087
Male,45-64,13,338364,0.0027140970566103
Male,45-64,20,13,0.0038168215762922
Male,45-64,20,59,0.0018411791836337
Male,45-64,20,174,0.000922077639837
Male,45-64,20,204,0.0014106434611846
Male,45-64,20,219,0.0053266038600469
Male,45-64,20,240,0.0026100937782602
Male,45-64,20,245,0.0027791462850317
Male,45-64,32,18,0.0028216089234317
Male,45-64,32,31,0.0054943228944835
Male,45-64,32,110,0.0028340116268622
Male,45-64,32,132,0.0041251642677542
Male,45-64,32,144,0.0026716342780688
Male,45-64,32,156,0.0011180750588126
Male,45-64,32,167,0.0054060278130941
Male,45-64,32,214,0.0058958797920284
Male,45-64,32,222,0.0056539386833387
Male,45-64,32,223,0.0023116096108778
Male,45-64,32,236,0.0016006289114313
Male,45-64,32,239,0.007263797774664
Male,45-64,32,240,0.0041584418526973
Male,45-64,32,245,0.0030485381042525
Male,45-64,32,250,0.0043905653571571
Male,45-64,32,288,0.0080001053741201
Male,45-64,32,297,0.002489951451585
Male,45-64,32,324,0.0039828014568948
Male,45-64,43,5,0.0024373579429097
Male,45-64,43,45,0.0087321365969832
Male,45-64,43,50,0.0020705249574081
Male,45-64,43,56,0.0013891654378796
Male,45-64,43,200,0.0009957984936342
Male,45-64,43,205,0.0017781673523285
Male,45-64,43,265,0.0022747012701569
Male,45-64,43,335,0.0014772720667766
Male,45-64,44,43,0.0068016511937967
Male,45-64,44,191,0.002093653605211
Male,45-64,44,243,0.0014994327333737
Male,45-64,44,275,0.0038407679616798
Male,45-64,44,286,0.0026440734767452
Male,45-64,44,305,0.0024728089465725
Male,45-64,45,48,0.001493249231354
Male,45-64,45,97,0.0015296248279774
Male,45-64,45,193,0.0039970656270866
Male,45-64,45,219,0.0082987804417796
Male,45-64,46,31,0.0022556279269258
Male,45-64,46,44,0.0035852951115674
Male,45-64,46,76,0.0016262167178445
Male,45-64,46,111,0.0006919214826436
Male,45-64,46,149,0.0009255331118179
Male,45-64,46,279,0.0028142086593082
Male,45-64,46,299,0.0076575270468833
Male,45-64,46,333,0.00068245011602
Male,45-64,71,1,0.0022493280980134
Male,45-64,71,2,0.0027343353907641
Male,45-64,71,11,0.0019660754347188
Male,45-64,71,72,0.0277681359167433
Male,45-64,71,73,0.0091030194671129
Male,45-64,71,76,0.0073270760331433
Male,45-64,71,91,0.0044007103537074
Male,45-64,71,93,0.0041776676704459
Male,45-64,71,99,0.0031009085799259
Male,45-64,71,150,0.0172150891000552
Male,45-64,71,153,0.0030741000995989
Male,45-64,71,166,0.0091017170115305
Male,45-64,71,171,0.0091490553588402
Male,45-64,71,176,0.0058816321101553
Male,45-64,71,177,0.0020927155990058
Male,45-64,71,181,0.0086226692564308
Male,45-64,71,196,0.009148453511725
Male,45-64,71,226,0.0065225608106117
Male,45-64,71,230,0.0063138284975677
Male,45-64,71,235,0.0051776485789086
Male,45-64,71,272,0.0066843892862317
Male,45-64,71,274,0.0046618379882937
Male,45-64,71,282,0.0047901998420724
Male,45-64,71,317,0.0048098187193321
Male,45-64,114,3,0.0010932184416246
Male,45-64,114,72,0.0039306551482357
Male,45-64,114,73,0.0017012153138958
Male,45-64,114,117,0.0038150181769997
Male,45-64,114,119,0.0025601584424729
Male,45-64,114,120,0.0029911561440195
Male,45-64,114,124,0.00678503594198
Male,45-64,114,126,0.0049662765508087
Male,45-64,114,127,0.0035365140450655
Male,45-64,114,128,0.003110220855563
Male,45-64,114,130,0.0231295242239012
Male,45-64,114,131,0.0130524758829845
Male,45-64,114,132,0.0159795599987009
Male,45-64,114,176,0.0040482281807728
Male,45-64,114,234,0.0027232828434697
Male,45-64,114,330,0.0013959274747193
Male,45-64,114,351,0.0010155073428503
Male,45-64,117,20,0.0081413566074249
Male,45-64,117,114,0.0108351233464062
Male,45-64,117,124,0.0073864421969314
Male,45-64,117,137,0.0054341184883322
Male,45-64,117,144,0.0051668610878679
Male,45-64,117,145,0.0126656185495905
Male,45-64,117,149,0.0028674599038477
Male,45-64,117,318,0.0027971654442838
Male,45-64,117,330,0.0041018540832407
Male,45-64,121,26,0.0032577146697923
Male,45-64,121,99,0.0033144466004267
Male,45-64,121,111,0.001671998243091
Male,45-64,121,120,0.0117075062366448
Male,45-64,121,122,0.0032852918587014
Male,45-64,121,150,0.0075124895566415
Male,45-64,121,234,0.0045497861418891
Male,45-64,121,290345,0.0016978070882601
Male,45-64,124,1,0.0026140659500128
Male,45-64,124,114,0.0129120177937794
Male,45-64,124,116,0.0024352337295229
Male,45-64,124,123,0.0073596548797978
Male,45-64,124,127,0.0046478433794899
Male,45-64,124,145,0.0071011523331323
Male,45-64,124,201,0.0023547156189049
Male,45-64,124,223,0.0044334004468836
Male,45-64,124,303,0.0079216720525427
Male,45-64,124,305,0.0034067543869234
Male,45-64,124,347,0.0012800534283723
Male,45-64,126,32,0.0073449665433934
Male,45-64,126,50,0.0016369939678361
Male,45-64,126,124,0.0056117723524371
Male,45-64,126,127,0.0106711314064298
Male,45-64,126,149,0.0016101627626511
Male,45-64,126,179,0.0016573410109145
Male,45-64,126,201,0.0023253301853083
Male,45-64,126,216,0.0015601572600495
Male,45-64,126,359,0.0049655921943052
Male,45-64,126,364,0.0126870947555341
Male,45-64,126,368,0.0037134423091875
Male,45-64,130,26,0.0023814110362667
Male,45-64,130,91,0.0030838178014532
Male,45-64,130,114,0.0549148761761044
Male,45-64,130,119,0.0027338937584749
Male,45-64,130,129,0.0025491439159355
Male,45-64,130,131,0.0128824316432366
Male,45-64,130,132,0.01489355749989
Male,45-64,130,136,0.0011761541558455
Male,45-64,130,174,0.0012155514438134
Male,45-64,130,206,0.0012354721773308
Male,45-64,130,239,0.0055254755202061
Male,45-64,130,352,0.0011142737387872
Male,45-64,130,362,0.0018149014057115
Male,45-64,131,5,0.002573056348813
Male,45-64,131,114,0.0108277531150724
Male,45-64,131,119,0.0028870642869633
Male,45-64,131,142,0.0014343752947253
Male,45-64,132,46,0.00923588981899
Male,45-64,132,95,0.0017648822254644
Male,45-64,132,101,0.0045919450969656
Male,45-64,132,114,0.0206975058027086
Male,45-64,132,119,0.0030220275675742
Male,45-64,132,130,0.0123604959324661
Male,45-64,132,131,0.0073379104754936
Male,45-64,132,136,0.0012429446184119
Male,45-64,132,137,0.003071686061563
Male,45-64,132,149,0.0013201115098052
Male,45-64,132,174,0.0012803584080018
Male,45-64,139,117,0.0086979237059002
Male,45-64,139,124,0.0055057291464112
Male,45-64,139,140,0.0175086655889935
Male,45-64,139,143,0.0018044220817544
Male,45-64,139,146,0.0131461614561602
Male,45-64,139,164,0.0154794487302519
Male,45-64,139,208,0.008108266926199
Male,45-64,139,210,0.0017740709021082
Male,45-64,139,288,0.0122244002355695
Male,45-64,139,301,0.0018342046177505
Male,45-64,139,340,0.001698135689176
Male,45-64,139,365,0.0025318889048588
Male,45-64,140,42,0.0006230508437279
Male,45-64,140,64,0.0009791606828003
Male,45-64,140,108,0.0011584326859078
Male,45-64,140,138,0.0017356259789845
Male,45-64,140,139,0.0043632789029815
Male,45-64,140,145,0.0023043697068547
Male,45-64,140,178,0.0020781460705315
Male,45-64,140,189,0.0050813152140935
Male,45-64,140,192,0.0025998671676957
Male,45-64,140,222,0.0043606732099019
Male,45-64,140,265,0.0012324121229685
Male,45-64,140,287,0.0025986761464375
Male,45-64,140,340,0.0009506719191252
Male,45-64,140,290350,0.0006358865987834
Male,45-64,145,20,0.0078213252181562
Male,45-64,145,23,0.0046924651612705
Male,45-64,145,54,0.0015501848205632
Male,45-64,145,57,0.0015465176926414
Male,45-64,145,64,0.0015726350765233
Male,45-64,145,99,0.0021908316138152
Male,45-64,145,108,0.0030438436204335
Male,45-64,145,110,0.0034920673921362
Male,45-64,145,113,0.0054345947864699
Male,45-64,145,117,0.0056583182967889
Male,45-64,145,139,0.0073974898358438
Male,45-64,145,140,0.0124738992822826
Male,45-64,145,143,0.0015723815416019
Male,45-64,145,146,0.0178853127915118
Male,45-64,145,159,0.0054133022489182
Male,45-64,145,164,0.0226705974420989
Male,45-64,145,192,0.0056988438420367
Male,45-64,145,197,0.0031723030139994
Male,45-64,145,213,0.0015662378463205
Male,45-64,145,221,0.0028139153600368
Male,45-64,145,248,0.0036418674357956
Male,45-64,145,267,0.0015221195439533
Male,45-64,145,288,0.0125238350696856
Male,45-64,145,299,0.0122400069381259
Male,45-64,145,323,0.0015654127547992
Male,45-64,145,330,0.0022276022405225
Male,45-64,145,351,0.0014172669997524
Male,45-64,145,358,0.0029377030623908
Male,45-64,145,368,0.0027147686180984
Male,45-64,146,12,0.0017543842960633
Male,45-64,146,42,0.0006341298141574
Male,45-64,146,68,0.0006348083170871
Male,45-64,146,71,0.0022234811960504
Male,45-64,146,76,0.0063640875373572
Male,45-64,146,99,0.0009605194799993
Male,45-64,146,101,0.0036988112463072
Male,45-64,146,110,0.0016719623687811
Male,45-64,146,119,0.0015648102129184
Male,45-64,146,134,0.0008168176545366
Male,45-64,146,140,0.005517895970047
Male,45-64,146,145,0.002837869678639
Male,45-64,146,148,0.0062077189245745
Male,45-64,146,158,0.0009458496201726
Male,45-64,146,162,0.0027906589191098
Male,45-64,146,164,0.0112371752915439
Male,45-64,146,165,0.0015835906306667
Male,45-64,146,168,0.0038344910295209
Male,45-64,146,190,0.0024770877126515
Male,45-64,146,191,0.0014245713343129
Male,45-64,146,192,0.0040902548617998
Male,45-64,146,193,0.0086211259094643
Male,45-64,146,198,0.0033192433154322
Male,45-64,146,208,0.0040412092313724
Male,45-64,146,224,0.0010269969471595
Male,45-64,146,226,0.0042647234144165
Male,45-64,146,239,0.0024040802096202
Male,45-64,146,287,0.0024405296183592
Male,45-64,146,324,0.0085923397323901
Male,45-64,148,2,0.0018686025873743
Male,45-64,148,42,0.001073464969215
Male,45-64,148,66,0.0011054549414379
Male,45-64,148,145,0.0040342654634249
Male,45-64,148,150,0.0081088924014307
Male,45-64,148,184,0.0010693040471764
Male,45-64,148,198,0.0035380982969348
Male,45-64,148,213,0.001065062931392
Male,45-64,148,250,0.0034125401944255
Male,45-64,148,265,0.0019788013827406
Male,45-64,148,284,0.0050578250434021
Male,45-64,148,285,0.0071013178968045
Male,45-64,148,287,0.0060768225351775
Male,45-64,148,288,0.0126163485421094
Male,45-64,148,297,0.0040717351250503
Male,45-64,148,299,0.0075865226390179
Male,45-64,148,300,0.0059687882535665
Male,45-64,148,303,0.0056212511702489
Male,45-64,148,317,0.0032503298503278
Male,45-64,148,330,0.0021237844844469
Male,45-64,148,332,0.0019315263960988
Male,45-64,150,11,0.0023742920517423
Male,45-64,150,25,0.0024616263468033
Male,45-64,150,42,0.0024688268699315
Male,45-64,150,56,0.0024136730303512
Male,45-64,150,73,0.0035003449735736
Male,45-64,150,88,0.0024997968336806
Male,45-64,150,96,0.0023747456768166
Male,45-64,150,121,0.0044109086951099
Male,45-64,150,142,0.0023659122958379
Male,45-64,150,148,0.0103361946278678
Male,45-64,150,151,0.0047795725482482
Male,45-64,150,181,0.01308002170551
Male,45-64,150,209,0.0042938255945012
Male,45-64,150,220,0.0048647361073802
Male,45-64,150,231,0.0035585085173082
Male,45-64,150,272,0.0076017897841781
Male,45-64,150,279,0.0064866280401953
Male,45-64,150,288,0.0205285095328132
Male,45-64,150,289,0.0024033001522042
Male,45-64,150,299,0.0149459939713171
Male,45-64,150,305,0.0032935603668069
Male,45-64,150,348,0.0047214789116898
Male,45-64,150,353,0.0034323765188557
Male,45-64,150,166167,0.0038624624579167
Male,45-64,150,287288,0.0034436201508923
Male,45-64,159,76,0.0063735012337871
Male,45-64,159,80,0.0034183323241746
Male,45-64,159,116,0.0022923959325894
Male,45-64,159,130,0.0099365541383114
Male,45-64,159,146,0.0142068613710946
Male,45-64,159,162,0.0045299785529758
Male,45-64,159,176,0.0065152979681062
Male,45-64,159,235,0.0066594877104202
Male,45-64,159,236,0.0033104156118442
Male,45-64,159,245,0.0022690901219979
Male,45-64,159,309,0.003722413924234
Male,45-64,163,1,0.0013965112386894
Male,45-64,163,11,0.0019780210563695
Male,45-64,163,86,0.0024095589218597
Male,45-64,163,93,0.0031798927818129
Male,45-64,163,112,0.0032783344388702
Male,45-64,163,114,0.0070585171118445
Male,45-64,163,118,0.0013794292457547
Male,45-64,163,146,0.0148631530910955
Male,45-64,163,162,0.0135911585580721
Male,45-64,163,164,0.0711615598504256
Male,45-64,163,166,0.0159729277750078
Male,45-64,163,168,0.0077282637888112
Male,45-64,163,170,0.0027676441778558
Male,45-64,163,181,0.0077298467575217
Male,45-64,163,212,0.0017814891332005
Male,45-64,163,220,0.0025551855914263
Male,45-64,163,242,0.0013898672449075
Male,45-64,163,250,0.0043798601630724
Male,45-64,163,330,0.0019646374683658
Male,45-64,164,20,0.0034356427721751
Male,45-64,164,32,0.002971712746062
Male,45-64,164,46,0.0041796550765858
Male,45-64,164,71,0.0021260034934262
Male,45-64,164,76,0.0011739523137811
Male,45-64,164,86,0.0011526614966293
Male,45-64,164,99,0.0008218416172375
Male,45-64,164,101,0.0017969543642678
Male,45-64,164,145,0.0036530744543531
Male,45-64,164,146,0.0119334350755244
Male,45-64,164,148,0.0050451447831852
Male,45-64,164,150,0.0020938902463461
Male,45-64,164,151,0.0017565050621316
Male,45-64,164,159,0.0017766896942765
Male,45-64,164,162,0.0065373906149752
Male,45-64,164,166,0.0021439904724779
Male,45-64,164,167,0.0036861404773629
Male,45-64,164,168,0.0065916976756531
Male,45-64,164,181,0.0044818828183633
Male,45-64,164,188,0.0011999182080966
Male,45-64,164,197,0.0009449364720168
Male,45-64,164,198,0.0023037661771151
Male,45-64,164,199,0.0025794614984125
Male,45-64,164,201,0.0007670132242194
Male,45-64,164,208,0.0059406988430558
Male,45-64,164,209,0.0013464042276909
Male,45-64,164,223,0.0017441261575565
Male,45-64,164,230,0.0024635424091866
Male,45-64,164,250,0.0028514929867326
Male,45-64,164,268,0.001289618773784
Male,45-64,164,282,0.0016273053418503
Male,45-64,164,287,0.0036947672046128
Male,45-64,164,288,0.0079852157082055
Male,45-64,164,299,0.0048663347371803
Male,45-64,164,364,0.005112679518188
Male,45-64,164,371,0.0008550043048468
Male,45-64,166,20,0.006817017122914
Male,45-64,166,26,0.0033285303678063
Male,45-64,166,32,0.0073894556165572
Male,45-64,166,55,0.0022273919893823
Male,45-64,166,57,0.0016787705472335
Male,45-64,166,71,0.0060568645130269
Male,45-64,166,72,0.0051163282313541
Male,45-64,166,73,0.0022871335347039
Male,45-64,166,88,0.0026906066482995
Male,45-64,166,91,0.0023994148640022
Male,45-64,166,95,0.0033185947960911
Male,45-64,166,112,0.0040938812888871
Male,45-64,166,146,0.0175851579194977
Male,45-64,166,165,0.0046357535042042
Male,45-64,166,167,0.0105161417979428
Male,45-64,166,168,0.0112577336068427
Male,45-64,166,169,0.0048973141127537
Male,45-64,166,176,0.0067483959801878
Male,45-64,166,181,0.0081142357488868
Male,45-64,166,196,0.0120502527633078
Male,45-64,166,198,0.0097938428998529
Male,45-64,166,199,0.005893994177738
Male,45-64,166,234,0.0062534577753566
Male,45-64,166,235,0.0036825307392527
Male,45-64,166,268,0.003983074163933
Male,45-64,167,83,0.0016728904516685
Male,45-64,167,93,0.0026954290498053
Male,45-64,167,96,0.0016467541185007
Male,45-64,167,97,0.0011895780300655
Male,45-64,167,122,0.0022896383310601
Male,45-64,167,142,0.0016924566335142
Male,45-64,167,146,0.0187491205534868
Male,45-64,167,166,0.0100705926654261
Male,45-64,167,168,0.0219743363996489
Male,45-64,167,169,0.0034728753996734
Male,45-64,167,177,0.0016263633458913
Male,45-64,167,181,0.0073136087546047
Male,45-64,167,199,0.0061595003722763
Male,45-64,167,265,0.0021381124251946
Male,45-64,167,267,0.0017320906884433
Male,45-64,168,80,0.0014453254642174
Male,45-64,168,112,0.0023949727907541
Male,45-64,168,113,0.0042672928650657
Male,45-64,168,146,0.008073084642752
Male,45-64,168,164,0.0088318709281188
Male,45-64,168,166,0.0056575277785076
Male,45-64,168,167,0.0127451380871952
Male,45-64,168,169,0.0028888452129964
Male,45-64,168,188,0.0012522934533486
Male,45-64,168,208,0.0053587473602256
Male,45-64,168,210,0.0009210101506506
Male,45-64,168,228,0.0009835296932019
Male,45-64,168,245,0.001162546296079
Male,45-64,168,262,0.0006675075507413
Male,45-64,168,270,0.0015372124090353
Male,45-64,168,284,0.0047754666212366
Male,45-64,168,290,0.0019554290678381
Male,45-64,168,166167,0.0013667129703267
Male,45-64,169,14,0.0044833608678917
Male,45-64,169,38,0.0056380229538339
Male,45-64,169,71,0.0062471252652969
Male,45-64,169,135,0.0057829766162716
Male,45-64,169,159,0.0081450463608178
Male,45-64,169,164,0.0203436879542536
Male,45-64,169,167,0.0126805591996451
Male,45-64,169,176,0.0085930819429473
Male,45-64,169,177,0.0024712823489786
Male,45-64,169,232,0.0024637075209688
Male,45-64,169,234,0.0042916805111187
Male,45-64,169,235,0.0060624938115113
Male,45-64,169,236,0.00505934847882
Male,45-64,169,239,0.0062136906558468
Male,45-64,169,333,0.0026904171468352
Male,45-64,171,67,0.00412658436172
Male,45-64,171,96,0.0024441440183611
Male,45-64,171,101,0.0054635905470694
Male,45-64,171,139,0.0076530848096147
Male,45-64,171,144,0.0050640745524957
Male,45-64,171,159,0.0055361163158848
Male,45-64,171,170,0.0025862646127764
Male,45-64,171,173,0.0026868862816887
Male,45-64,171,191,0.0026184650006741
Male,45-64,171,232,0.0025652484953859
Male,45-64,171,235,0.0032360852271538
Male,45-64,176,2,0.0048350314790261
Male,45-64,176,11,0.0018560368266271
Male,45-64,176,48,0.002023175177049
Male,45-64,176,54,0.0020485266045534
Male,45-64,176,74,0.0031240301440638
Male,45-64,176,76,0.0032464831612963
Male,45-64,176,101,0.0062719861858366
Male,45-64,176,108,0.0030273235682029
Male,45-64,176,112,0.011287870153696
Male,45-64,176,117,0.0045197899275062
Male,45-64,176,135,0.0044795680965464
Male,45-64,176,139,0.0054868340485487
Male,45-64,176,145,0.0144622829786319
Male,45-64,176,164,0.0237597504677839
Male,45-64,176,166,0.008414925795941
Male,45-64,176,171,0.0049089936222683
Male,45-64,176,177,0.0018532284825629
Male,45-64,176,178,0.0095293607609902
Male,45-64,176,179,0.0078313204517312
Male,45-64,176,181,0.0095470779938077
Male,45-64,176,196,0.0079555719380151
Male,45-64,176,212,0.0028523646603293
Male,45-64,176,220,0.0028845664486457
Male,45-64,176,235,0.0054728172302569
Male,45-64,176,240,0.0040713622026432
Male,45-64,176,339,0.0044777523839776
Male,45-64,176,356,0.003843412232852
Male,45-64,181,2,0.0022798912737528
Male,45-64,181,11,0.0015314932355616
Male,45-64,181,38,0.0065398864238119
Male,45-64,181,42,0.0018070949509419
Male,45-64,181,71,0.0042743658463505
Male,45-64,181,72,0.0036851045432485
Male,45-64,181,93,0.0025532659627621
Male,45-64,181,95,0.0021502366459199
Male,45-64,181,96,0.0022612905564696
Male,45-64,181,99,0.0027143935894434
Male,45-64,181,101,0.0048770811941188
Male,45-64,181,118,0.001158434526687
Male,45-64,181,140,0.0101790428381349
Male,45-64,181,145,0.0040786511647371
Male,45-64,181,150,0.0068253614484608
Male,45-64,181,151,0.0020289744078588
Male,45-64,181,162,0.0033723178179489
Male,45-64,181,166,0.0088902124124042
Male,45-64,181,176,0.0051500075876433
Male,45-64,181,178,0.0023060418892755
Male,45-64,181,179,0.0022973260045212
Male,45-64,181,188,0.0017302103972488
Male,45-64,181,196,0.0052478176648468
Male,45-64,181,199,0.005878116652479
Male,45-64,181,212,0.002037341037001
Male,45-64,181,226,0.0061141368905168
Male,45-64,181,234,0.0052374151404904
Male,45-64,181,235,0.0021316050368257
Male,45-64,181,266,0.0051769222871034
Male,45-64,181,272,0.0040696610897817
Male,45-64,181,287,0.0049859902203492
Male,45-64,182,76,0.0040416238577444
Male,45-64,182,99,0.0028548087410245
Male,45-64,182,120,0.0032176392628198
Male,45-64,182,211,0.002660867155856
Male,45-64,182,224,0.0015058178635705
Male,45-64,182,250,0.0054273928803138
Male,45-64,182,284,0.0077228680918259
Male,45-64,182,350,0.0053612539888724
Male,45-64,183,13,0.0063594877179185
Male,45-64,183,14,0.0043598239530698
Male,45-64,183,48,0.0019262079869288
Male,45-64,183,137,0.0037242989160774
Male,45-64,183,165,0.0109417993833878
Male,45-64,183,182,0.008526445738625
Male,45-64,183,184,0.0041552732637119
Male,45-64,183,204,0.00187297984015
Male,45-64,183,229,0.0035257576151328
Male,45-64,183,231,0.0028144310704564
Male,45-64,183,269,0.0050079519719785
Male,45-64,183,272,0.0059000396336396
Male,45-64,183,282,0.0041026068238635
Male,45-64,189,76,0.0029459497993298
Male,45-64,189,123,0.0056017603212533
Male,45-64,189,190,0.0087960610358938
Male,45-64,189,205,0.0023497564535896
Male,45-64,189,228,0.0016924947391599
Male,45-64,189,266,0.0058150486505122
Male,45-64,189,273,0.0043557156358258
Male,45-64,189,345,0.0049507207200258
Male,45-64,190,64,0.0011069831421878
Male,45-64,190,71,0.0050809179102728
Male,45-64,190,138,0.0028943960584216
Male,45-64,190,140,0.0245724608540869
Male,45-64,190,189,0.0139558395242302
Male,45-64,190,222,0.006562734451554
Male,45-64,192,1,0.0016060996385193
Male,45-64,192,120,0.0025627378011225
Male,45-64,192,122,0.0020191945607437
Male,45-64,192,145,0.0049266270287752
Male,45-64,192,146,0.0099016248604592
Male,45-64,192,148,0.0068142065717139
Male,45-64,192,190,0.0064895172221837
Male,45-64,192,198,0.006032093250011
Male,45-64,192,245,0.0014912191270726
Male,45-64,192,301,0.0009819131300817
Male,45-64,192,305,0.0023445597447666
Male,45-64,192,324,0.0114933869205401
Male,45-64,192,355,0.0028075016241442
Male,45-64,193,26,0.003168385448177
Male,45-64,193,142,0.0032438221543132
Male,45-64,193,146,0.0188080258496885
Male,45-64,193,179,0.0016548336329315
Male,45-64,193,195,0.0050792202822801
Male,45-64,193,206,0.0033395510021743
Male,45-64,193,207,0.0046338705577183
Male,45-64,193,268,0.0063215403248007
Male,45-64,193,295,0.0047620273013735
Male,45-64,193,324,0.0185618546613692
Male,45-64,196,2,0.0086390877750327
Male,45-64,196,23,0.0062863593063455
Male,45-64,196,54,0.0018401891123731
Male,45-64,196,55,0.0035401005667607
Male,45-64,196,71,0.0048651807333031
Male,45-64,196,83,0.0027828955809124
Male,45-64,196,113,0.0034109823607264
Male,45-64,196,150,0.0062099474860169
Male,45-64,196,164,0.0134175210899117
Male,45-64,196,166,0.0077785668297885
Male,45-64,196,168,0.0107663863900611
Male,45-64,196,169,0.006635468080928
Male,45-64,196,198,0.006776509589478
Male,45-64,196,199,0.0150807577490101
Male,45-64,196,200,0.0019532735766799
Male,45-64,196,201,0.0026872623878295
Male,45-64,196,204,0.0018114852989543
Male,45-64,196,205,0.0057327404196162
Male,45-64,196,212,0.0046963559014654
Male,45-64,196,226,0.0072967582057463
Male,45-64,196,229,0.0032334305762406
Male,45-64,196,303,0.0072302409307781
Male,45-64,196,166167,0.0018930611891627
Male,45-64,198,3,0.0016080928366524
Male,45-64,198,47,0.0042831963812814
Male,45-64,198,101,0.0042552462115816
Male,45-64,198,120,0.0037231710008249
Male,45-64,198,144,0.0039488428207788
Male,45-64,198,145,0.0064660107501803
Male,45-64,198,146,0.0187786448419858
Male,45-64,198,192,0.0232490406231928
Male,45-64,198,197,0.0034774521455304
Male,45-64,198,214,0.0092348626196493
Male,45-64,198,266,0.0060038050889569
Male,45-64,198,288,0.0161290686435929
Male,45-64,198,301,0.0017152650963153
Male,45-64,198,324,0.0147278678219586
Male,45-64,198,162164,0.0041383132727992
Male,45-64,199,11,0.0022255456880579
Male,45-64,199,23,0.0122902636695124
Male,45-64,199,26,0.0034185971694378
Male,45-64,199,55,0.0031918973109151
Male,45-64,199,71,0.0062800183729274
Male,45-64,199,146,0.0199812361199943
Male,45-64,199,164,0.0158256607015867
Male,45-64,199,166,0.0201522453829669
Male,45-64,199,196,0.011078294498207
Male,45-64,199,204,0.0023368635407732
Male,45-64,199,206,0.0024136375319648
Male,45-64,199,208,0.0085198107110934
Male,45-64,199,214,0.0103393141077522
Male,45-64,199,229,0.0042481360231351
Male,45-64,199,267,0.0036637400695868
Male,45-64,199,269,0.0047586458747095
Male,45-64,199,290,0.0041410812192055
Male,45-64,199,303,0.0071671666945922
Male,45-64,208,40,0.0011350077988749
Male,45-64,208,42,0.0010929193562619
Male,45-64,208,64,0.0011007621052246
Male,45-64,208,74,0.0034735455001701
Male,45-64,208,117,0.0038305796014839
Male,45-64,208,145,0.0067706842918245
Male,45-64,208,146,0.0088365006939495
Male,45-64,208,164,0.0172216766194522
Male,45-64,208,181,0.0085577852609821
Male,45-64,208,198,0.0057844177350985
Male,45-64,208,206,0.0017173862232597
Male,45-64,208,209,0.0077264372455694
Male,45-64,208,222,0.0109915608109361
Male,45-64,208,223,0.0037273297817275
Male,45-64,208,224,0.0016924435455708
Male,45-64,208,226,0.004602442741142
Male,45-64,208,231,0.0039569767269938
Male,45-64,208,234,0.0026295581226804
Male,45-64,208,240,0.001981329693108
Male,45-64,208,318,0.0016597850384335
Male,45-64,208,357,0.0041937312133243
Male,45-64,214,74,0.0013358465397888
Male,45-64,214,116,0.0016486333801647
Male,45-64,214,191,0.0012950983593109
Male,45-64,214,222,0.0051122159650035
Male,45-64,214,223,0.00211942022661
Male,45-64,214,230,0.0043826780758211
Male,45-64,214,246,0.0030414247045826
Male,45-64,214,288,0.0071118257869362
Male,45-64,219,20,0.0059363704751321
Male,45-64,219,33,0.0018768165506612
Male,45-64,219,134,0.0013100279684177
Male,45-64,219,189,0.0047917870468686
Male,45-64,219,213,0.0013150220577024
Male,45-64,219,218,0.0018985104659331
Male,45-64,219,222,0.0125602038399648
Male,45-64,219,226,0.0083714947753538
Male,45-64,219,299,0.0126377350927195
Male,45-64,222,108,0.0022843883685475
Male,45-64,222,139,0.0043935040457845
Male,45-64,222,144,0.00295369948426
Male,45-64,222,150,0.0028701067787409
Male,45-64,222,162,0.0022107103968751
Male,45-64,222,205,0.0014591242491759
Male,45-64,222,207,0.0020283714180563
Male,45-64,222,208,0.0051227332670823
Male,45-64,222,209,0.0023844585708303
Male,45-64,222,214,0.0088709153131082
Male,45-64,222,218,0.0012179366828906
Male,45-64,222,219,0.008861840181791
Male,45-64,222,226,0.0039360188494717
Male,45-64,222,241,0.0041142735290185
Male,45-64,222,244,0.0022610891117262
Male,45-64,222,286,0.0018024125668158
Male,45-64,222,287,0.0040876849983435
Male,45-64,222,365,0.0018436819958158
Male,45-64,222,338364,0.0017683095080336
Male,45-64,226,23,0.0042883155672698
Male,45-64,226,73,0.0020373118688159
Male,45-64,226,95,0.002092239621774
Male,45-64,226,142,0.0022158755180979
Male,45-64,226,153,0.0036835250580413
Male,45-64,226,158,0.0022519095272874
Male,45-64,226,212,0.0062725532722516
Male,45-64,226,219,0.0081630537814365
Male,45-64,226,223,0.0054023426523672
Male,45-64,226,224,0.0023418292013252
Male,45-64,226,229,0.0043041053400319
Male,45-64,226,230,0.0061888957574402
Male,45-64,226,234,0.0037959153134025
Male,45-64,226,235,0.0026970119970223
Male,45-64,226,239,0.0046379416160165
Male,45-64,226,280,0.0015131212882622
Male,45-64,226,368,0.0026620547966456
Male,45-64,230,33,0.0025041677779662
Male,45-64,230,80,0.0023853623361471
Male,45-64,230,132,0.0064419707808269
Male,45-64,230,188,0.0016711855050407
Male,45-64,230,205,0.0023684973992957
Male,45-64,230,208,0.0067024816721889
Male,45-64,230,212,0.0033248705687834
Male,45-64,230,213,0.0017281340094734
Male,45-64,230,223,0.0033856975365225
Male,45-64,230,235,0.0032476103236678
Male,45-64,230,236,0.0023723345219154
Male,45-64,239,2,0.0046085282137273
Male,45-64,239,55,0.0026499689469133
Male,45-64,239,80,0.0026077138997293
Male,45-64,239,88,0.0019101291910643
Male,45-64,239,162,0.0049433113988218
Male,45-64,239,171,0.0045827891826685
Male,45-64,239,216,0.0029907926263381
Male,45-64,239,226,0.0065703224267544
Male,45-64,239,233,0.0029025546344265
Male,45-64,239,240,0.0025464180319733
Male,45-64,239,241,0.0061146596526008
Male,45-64,239,288,0.0116742979208278
Male,45-64,241,88,0.0022179844668292
Male,45-64,241,159,0.0048559867189832
Male,45-64,241,165,0.0030903993931455
Male,45-64,241,201,0.0020657906344395
Male,45-64,241,210,0.002200854098571
Male,45-64,241,223,0.0051925784086896
Male,45-64,241,233,0.002130660532987
Male,45-64,241,234,0.0030235830306458
Male,45-64,241,248,0.0032221772953871
Male,45-64,241,314,0.0021712337508632
Male,45-64,250,6,0.0017859001403261
Male,45-64,250,80,0.0045229684603524
Male,45-64,250,123,0.0040827807761524
Male,45-64,250,164,0.0155846047583283
Male,45-64,250,205,0.0025487696572595
Male,45-64,250,235,0.0034369785030501
Male,45-64,250,240,0.0023666922393294
Male,45-64,250,249,0.0042818977577864
Male,45-64,250,269,0.0026304045040898
Male,45-64,250,342,0.0018386937156848
Male,45-64,266,97,0.0012999415421081
Male,45-64,266,113,0.0029593942702575
Male,45-64,266,145,0.0049325938905067
Male,45-64,266,148,0.0080840995711017
Male,45-64,266,235,0.0023315700179963
Male,45-64,266,239,0.0052923562838929
Male,45-64,266,242,0.0013066175401823
Male,45-64,266,263,0.00525105736792
Male,45-64,266,264,0.001883542553197
Male,45-64,266,265,0.002374071968775
Male,45-64,266,268,0.0058386340769406
Male,45-64,266,272,0.0041652126684877
Male,45-64,266,353,0.00233669759894
Male,45-64,272,11,0.0035975808667926
Male,45-64,272,13,0.0067034830111983
Male,45-64,272,29,0.0022815567375421
Male,45-64,272,46,0.0123392927241838
Male,45-64,272,73,0.0058378576066154
Male,45-64,272,76,0.0068338103543133
Male,45-64,272,150,0.0070024157070466
Male,45-64,272,181,0.0079102267365624
Male,45-64,272,204,0.0023498338559047
Male,45-64,272,206,0.0024174274098595
Male,45-64,272,235,0.0032107508616508
Male,45-64,272,267,0.0023307287253978
Male,45-64,272,275,0.0053273420848703
Male,45-64,272,309,0.0036297561701852
Male,45-64,272,332,0.0033232918765273
Male,45-64,273,7,0.0014850075840437
Male,45-64,273,8,0.0030267419062399
Male,45-64,273,33,0.0028289352614064
Male,45-64,273,95,0.0028090191121711
Male,45-64,273,179,0.0014676026442474
Male,45-64,273,212,0.0027591948190913
Male,45-64,273,250,0.0074984741112635
Male,45-64,273,267,0.0029224647838204
Male,45-64,273,295,0.0041518818635869
Male,45-64,273,303,0.0096663627007796
Male,45-64,273,310,0.0014542312472005
Male,45-64,274,2,0.0032216565847818
Male,45-64,274,12,0.0057047600212153
Male,45-64,274,83,0.0047587899816924
Male,45-64,274,218,0.0022456671392257
Male,45-64,274,229,0.0056544631204651
Male,45-64,274,271,0.002248827249839
Male,45-64,274,283,0.006091672929175
Male,45-64,274,295,0.003231109305401
Male,45-64,274,358,0.0032432864238863
Male,45-64,279,1,0.0040606547454266
Male,45-64,279,2,0.0034753532427221
Male,45-64,279,59,0.0025354816067609
Male,45-64,279,61,0.002461294440041
Male,45-64,279,148,0.0140127548301281
Male,45-64,279,170,0.0024774313680926
Male,45-64,279,201,0.0052417697659965
Male,45-64,279,229,0.0034429013682313
Male,45-64,279,239,0.0063887884156537
Male,45-64,279,250,0.0077558922330843
Male,45-64,279,274,0.0070305996272374
Male,45-64,279,282,0.0085206350244825
Male,45-64,279,285,0.0134757255775699
Male,45-64,279,295,0.0064330422964107
Male,45-64,279,310,0.0026654842835848
Male,45-64,282,12,0.0048293354786629
Male,45-64,282,13,0.0086702121630658
Male,45-64,282,39,0.0047744268957516
Male,45-64,282,40,0.0034954145290126
Male,45-64,282,96,0.0033105666463971
Male,45-64,282,109,0.001694731838827
Male,45-64,282,167,0.0091164370496647
Male,45-64,282,232,0.0032864865101274
Male,45-64,282,263,0.0048708100924261
Male,45-64,282,279,0.0110658728707266
Male,45-64,282,305,0.0083585468163072
Male,45-64,282,330,0.0032211023339235
Male,45-64,282,338,0.0059159785327949
Male,45-64,284,49,0.001780654467155
Male,45-64,284,123,0.002381223338954
Male,45-64,284,148,0.0071541288405213
Male,45-64,284,151,0.0018105841517893
Male,45-64,284,200,0.0008249705387852
Male,45-64,284,240,0.0018715783473386
Male,45-64,284,286,0.0031839288393456
Male,45-64,284,287,0.0075728025281186
Male,45-64,284,288,0.016011153569569
Male,45-64,284,292,0.0071213945709544
Male,45-64,284,299,0.0113310207060398
Male,45-64,284,303,0.0076435507953008
Male,45-64,284,310,0.0017757485396763
Male,45-64,284,340,0.0012225903046958
Male,45-64,284,371,0.004705592208829
Male,45-64,285,2,0.0016130436796158
Male,45-64,285,76,0.0030029751253739
Male,45-64,285,148,0.0057991522465207
Male,45-64,285,279,0.0046579792900848
Male,45-64,285,282,0.0021562730353135
Male,45-64,285,284,0.0065200753720845
Male,45-64,285,287,0.0036211890863827
Male,45-64,285,288,0.0065424570592772
Male,45-64,285,292,0.00907406222157
Male,45-64,285,299,0.0062083930478452
Male,45-64,285,371,0.0035949508385089
Male,45-64,287,2,0.002276469180418
Male,45-64,287,61,0.00195091635178
Male,45-64,287,111,0.0029360226975695
Male,45-64,287,122,0.0018960572940432
Male,45-64,287,148,0.0104293572473334
Male,45-64,287,158,0.0042995807924134
Male,45-64,287,181,0.0078848916626302
Male,45-64,287,183,0.0057794753993376
Male,45-64,287,198,0.0052264422844364
Male,45-64,287,201,0.0018601602610287
Male,45-64,287,234,0.0040565651448517
Male,45-64,287,288,0.0466359575459169
Male,45-64,287,289,0.0028407878694596
Male,45-64,287,299,0.0099588101802657
Male,45-64,287,306,0.0027371324944024
Male,45-64,287,312,0.002749615598826
Male,45-64,287,371,0.0025006562170697
Male,45-64,288,32,0.0051576115272825
Male,45-64,288,33,0.0014194074600314
Male,45-64,288,55,0.0013524581450219
Male,45-64,288,119,0.0017886611617173
Male,45-64,288,140,0.0083415279487645
Male,45-64,288,145,0.0042077940147496
Male,45-64,288,148,0.007082261900075
Male,45-64,288,151,0.0015999995034656
Male,45-64,288,156,0.0009940861674724
Male,45-64,288,158,0.0007471114665249
Male,45-64,288,159,0.0019578743038964
Male,45-64,288,164,0.010695295515515
Male,45-64,288,208,0.0030069438676121
Male,45-64,288,272,0.0025557921408892
Male,45-64,288,273,0.0017969753484279
Male,45-64,288,284,0.0035707771706571
Male,45-64,288,286,0.0021902625396346
Male,45-64,288,287,0.0140701620542129
Male,45-64,288,289,0.0027359929330161
Male,45-64,288,299,0.0070419205076791
Male,45-64,288,300,0.0048912218819576
Male,45-64,288,303,0.0036769270711425
Male,45-64,288,306,0.0008913914697065
Male,45-64,288,362,0.0010471195272262
Male,45-64,292,61,0.0009744602007187
Male,45-64,292,276,0.0011364079102757
Male,45-64,292,279,0.0048502058349437
Male,45-64,292,285,0.0256767967376666
Male,45-64,292,293,0.0029335652771461
Male,45-64,292,299,0.0051573235728467
Male,45-64,292,300,0.0041198725205442
Male,45-64,292,302,0.0006616580855141
Male,45-64,292,314,0.0017902083451521
Male,45-64,299,49,0.0007468187074626
Male,45-64,299,76,0.0017847674477311
Male,45-64,299,83,0.0017343902904065
Male,45-64,299,110,0.0019919127126752
Male,45-64,299,116,0.0011480244508673
Male,45-64,299,146,0.0068268518035267
Male,45-64,299,148,0.005177413572607
Male,45-64,299,182,0.0029076141177408
Male,45-64,299,222,0.0060154040841646
Male,45-64,299,275,0.0020160743305558
Male,45-64,299,284,0.0085214563586261
Male,45-64,299,285,0.0068555196348682
Male,45-64,299,286,0.0017142555478241
Male,45-64,299,287,0.0029863574817394
Male,45-64,299,288,0.01087463597145
Male,45-64,299,300,0.0049323309659192
Male,45-64,299,303,0.0059558524401986
Male,45-64,300,68,0.002024485520298
Male,45-64,300,77,0.002387640183117
Male,45-64,300,148,0.0129438036791822
Male,45-64,300,277,0.0023550717980936
Male,45-64,300,280,0.0019887752262992
Male,45-64,300,282,0.0039303162892579
Male,45-64,300,284,0.0093459112340838
Male,45-64,300,288,0.0147179240520637
Male,45-64,300,292,0.0117281103802044
Male,45-64,300,293,0.0034735530047329
Male,45-64,300,297,0.0041718288808267
Male,45-64,300,299,0.007901895774769
Male,45-64,300,301,0.0012915066925352
Male,45-64,300,303,0.0133700204935003
Male,45-64,300,312,0.0033171289574202
Male,45-64,300,314,0.0019288352358903
Male,45-64,303,32,0.0076322463918646
Male,45-64,303,148,0.0115834866231933
Male,45-64,303,150,0.0077760967428347
Male,45-64,303,193,0.0027935248426351
Male,45-64,303,195,0.001118684931563
Male,45-64,303,198,0.0060908369083846
Male,45-64,303,251,0.0025274339305388
Male,45-64,303,284,0.0100772210047755
Male,45-64,303,286,0.0019583722130487
Male,45-64,303,287,0.0042403875956907
Male,45-64,303,288,0.0121546812173416
Male,45-64,303,292,0.0096515710811382
Male,45-64,303,299,0.0166153197545159
Male,45-64,303,301,0.0017624717999972
Male,45-64,303,310,0.0011255582339035
Male,45-64,303,363,0.0020574242409207
Male,45-64,317,59,0.0024293749674568
Male,45-64,317,158,0.0037873745390829
Male,45-64,317,170,0.0023535886876821
Male,45-64,317,229,0.0033760795669303
Male,45-64,317,290,0.0040857944529677
Male,45-64,317,309,0.0024792024462317
Male,45-64,317,312,0.0023352950660606
Male,45-64,324,1,0.0025654171182744
Male,45-64,324,33,0.0024142303058474
Male,45-64,324,116,0.0024605774047838
Male,45-64,324,122,0.0023820157395552
Male,45-64,324,146,0.0122466738176053
Male,45-64,324,164,0.0127815477578956
Male,45-64,324,192,0.0152579089492501
Male,45-64,324,193,0.0118291116963551
Male,45-64,324,195,0.0016244222311157
Male,45-64,324,212,0.0023764429238838
Male,45-64,324,222,0.0103221277263391
Male,45-64,324,272,0.0049328010144106
Male,45-64,324,273,0.0052675112781109
Male,45-64,324,292,0.0102899186401022
Male,45-64,324,330,0.0023855271361061
Male,45-64,324,333,0.0017054935688643
Male,45-64,338,83,0.0024042294894156
Male,45-64,338,109,0.0067152645103727
Male,45-64,338,112,0.0083716206277546
Male,45-64,338,122,0.0023769424553938
Male,45-64,338,290,0.0066562216786473
Male,45-64,338,317,0.0046526567032862
Male,45-64,338,318,0.0038825520067083
Male,45-64,338,339,0.0056252615691402
Male,45-64,338,340,0.0024804291196141
Male,45-64,338,341,0.0046378411778751
Male,45-64,338,358,0.0035552012235909
Male,45-64,338,368,0.0074825377886337
Male,45-64,345,290,0.0228309161120056
Male,45-64,345,310,0.0024454003331312
Male,45-64,345,317,0.013693211798639
Male,45-64,345,353,0.0033298246265134
Male,45-64,345,362,0.0022479762517947
Male,45-64,350,108,0.0022155801835898
Male,45-64,350,196,0.0051045037076709
Male,45-64,350,284,0.0064006301268571
Male,45-64,350,288,0.0102292593761721
Male,45-64,350,290,0.0137813717476215
Male,45-64,350,317,0.0036165107395154
Male,45-64,357,124,0.0066582372497611
Male,45-64,357,290,0.0125417227560197
Male,45-64,357,305,0.0033898665340068
Male,45-64,357,309,0.0038436981893764
Male,45-64,357,312,0.002387983614736
Male,45-64,357,323,0.0024995643081726
Male,45-64,357,368,0.0032625004993067
Male,45-64,359,29,0.0026847740527342
Male,45-64,359,229,0.0038056068018034
Male,45-64,359,272,0.0059126354718863
Male,45-64,359,310,0.0013851467673984
Male,45-64,359,317,0.0076036225672662
Male,45-64,359,318,0.0042931255562041
Male,45-64,359,338,0.007694630655464
Male,45-64,364,13,0.0026679663028312
Male,45-64,364,101,0.0017775868673487
Male,45-64,364,126,0.0028391566812747
Male,45-64,364,164,0.008745162915863
Male,45-64,364,210,0.0007458577883298
Male,45-64,364,292,0.0058421956730948
Male,45-64,364,346,0.0013390775342659
Male,45-64,364,365,0.0016573949172094
Male,45-64,364,366,0.0013151081113054
Male,45-64,364,368,0.0020966661836437
Female,65-75,2,8,0.00376492367732
Female,65-75,2,13,0.008035624350027
Female,65-75,2,15,0.003842947449792
Female,65-75,2,71,0.0112363380266956
Female,65-75,2,73,0.0089975543162688
Female,65-75,2,142,0.0034058966730326
Female,65-75,2,153,0.0087698813421755
Female,65-75,2,196,0.0134319144009083
Female,65-75,2,232,0.0035893317977482
Female,65-75,2,239,0.0186243114105262
Female,65-75,2,291,0.0053211992182683
Female,65-75,2,323,0.0037934416715494
Female,65-75,2,330,0.003651389585379
Female,65-75,2,338364,0.0068820230726831
Female,65-75,5,46,0.0164010364835739
Female,65-75,5,119,0.0090638735212835
Female,65-75,5,263,0.0035892145021034
Female,65-75,5,266,0.0104621454146588
Female,65-75,5,297,0.0069259139508263
Female,65-75,13,151,0.0031692834587897
Female,65-75,13,183,0.0160264018838052
Female,65-75,13,199,0.0090268440684229
Female,65-75,13,266,0.0104170201115479
Female,65-75,13,290,0.0154199682392234
Female,65-75,14,2,0.0101592073914587
Female,65-75,14,25,0.0067098110777829
Female,65-75,14,55,0.005923585003123
Female,65-75,14,165,0.0077104978180463
Female,65-75,14,205,0.0133073975347548
Female,65-75,14,230,0.0160876016232001
Female,65-75,14,231,0.0066658319560934
Female,65-75,14,267,0.0043303732155664
Female,65-75,18,14,0.0187260296396518
Female,65-75,18,15,0.0018898621569019
Female,65-75,18,20,0.0687812750714689
Female,65-75,18,25,0.0071088053185736
Female,65-75,18,55,0.0065407822829175
Female,65-75,18,67,0.002879320561302
Female,65-75,18,69,0.0042268837316002
Female,65-75,18,165,0.0064327155631988
Female,65-75,18,170,0.0028666874262484
Female,65-75,18,179,0.0019342182861132
Female,65-75,18,212,0.0061104201478409
Female,65-75,18,214,0.016987154435283
Female,65-75,18,233,0.0043191203752626
Female,65-75,18,236,0.0036109206931035
Female,65-75,18,267,0.0027040312950769
Female,65-75,20,14,0.0047029342537615
Female,65-75,23,55,0.0116424640092241
Female,65-75,23,112,0.0052269934092862
Female,65-75,23,157,0.0023179425410031
Female,65-75,23,174,0.003315295332298
Female,65-75,23,181,0.0192404304851123
Female,65-75,23,196,0.0150352340543626
Female,65-75,23,199,0.0123274370654816
Female,65-75,23,205,0.0097815874979181
Female,65-75,23,231,0.0030506505362225
Female,65-75,23,233,0.0041048533141105
Female,65-75,23,234,0.0147764393026592
Female,65-75,23,267,0.0032351946678395
Female,65-75,23,303,0.0063184333648671
Female,65-75,28,25,0.0026290620183129
Female,65-75,28,55,0.0034924852442796
Female,65-75,28,66,0.0019985896313219
Female,65-75,28,170,0.0018941485814533
Female,65-75,28,196,0.0099546781948043
Female,65-75,28,205,0.0054610498938521
Female,65-75,28,255,0.0100901610263305
Female,65-75,28,259,0.0063173291278248
Female,65-75,28,267,0.0048141934139849
Female,65-75,28,270,0.0020271158558864
Female,65-75,28,330,0.0025277102781315
Female,65-75,28,351,0.0019940215213184
Female,65-75,29,192,0.0045669258339301
Female,65-75,29,301,0.0015157547373204
Female,65-75,35,15,0.0040671743797753
Female,65-75,35,25,0.0058454684690897
Female,65-75,35,38,0.0069739201238774
Female,65-75,35,50,0.0041077805715601
Female,65-75,35,183,0.0155030422641988
Female,65-75,35,205,0.017980082517746
Female,65-75,35,212,0.007273910323374
Female,65-75,35,214,0.0099887037388807
Female,65-75,35,233,0.0074150679205265
Female,65-75,38,52,0.0081645611346269
Female,65-75,38,55,0.0054717149645578
Female,65-75,38,68,0.0042132713283927
Female,65-75,38,73,0.0054034671769685
Female,65-75,38,93,0.0101371174655272
Female,65-75,38,213,0.0041124039833853
Female,65-75,38,230,0.0117615407748523
Female,65-75,38,233,0.0099018805190917
Female,65-75,38,234,0.0187197708612818
Female,65-75,38,236,0.008183513736342
Female,65-75,38,360,0.0088482640967643
Female,65-75,39,55,0.011787336047395
Female,65-75,39,77,0.0109828558790326
Female,65-75,39,166,0.0175793684005523
Female,65-75,39,196,0.0249807894200941
Female,65-75,39,235,0.0079101650486194
Female,65-75,39,346,0.0057678389665462
Female,65-75,43,5,0.0022012068760112
Female,65-75,43,56,0.0022419119114003
Female,65-75,43,66,0.0016224262446122
Female,65-75,43,156,0.0010432270930264
Female,65-75,43,179,0.001068320862667
Female,65-75,43,207,0.0021594813649244
Female,65-75,44,97,0.0010045775934732
Female,65-75,44,124,0.0053132478937701
Female,65-75,44,208,0.0057294834823947
Female,65-75,44,219,0.0028111176253986
Female,65-75,44,239,0.0060625682001033
Female,65-75,44,266,0.0047481101018007
Female,65-75,45,148,0.0128967019025599
Female,65-75,46,132,0.0103499823346919
Female,65-75,46,139,0.0084841725677202
Female,65-75,46,164,0.0107270237257844
Female,65-75,46,299,0.0062228029325078
Female,65-75,71,14,0.0094288754130005
Female,65-75,71,72,0.0070223982208472
Female,65-75,71,73,0.0093598664414252
Female,65-75,71,181,0.0151751011288264
Female,65-75,71,197,0.0060580095490293
Female,65-75,71,212,0.0075447700252115
Female,65-75,71,226,0.0106477608861589
Female,65-75,71,234,0.0198344314217183
Female,65-75,72,8,0.0030244826782849
Female,65-75,72,71,0.0156477526002306
Female,65-75,72,162,0.0082880511001762
Female,65-75,72,166,0.0128041114987884
Female,65-75,72,181,0.0138199419703555
Female,65-75,72,226,0.0152330590915056
Female,65-75,72,269,0.0063570007307054
Female,65-75,72,351,0.003053065522607
Female,65-75,72,355,0.0029461956462077
Female,65-75,72,162164,0.0043689563455074
Female,65-75,77,149,0.0031859437750319
Female,65-75,77,183,0.0116530983885112
Female,65-75,93,72,0.0081029695455726
Female,65-75,93,145,0.008968370147899
Female,65-75,93,165,0.0074726989620367
Female,65-75,93,166,0.0121327151754596
Female,65-75,93,167,0.0148399015730812
Female,65-75,93,174,0.0035896027601213
Female,65-75,93,179,0.0024847145321839
Female,65-75,93,210,0.0035767301932604
Female,65-75,93,226,0.0316245684900061
Female,65-75,93,231,0.0035633080621346
Female,65-75,93,235,0.0061230566280111
Female,65-75,93,268,0.0044048947481766
Female,65-75,93,350,0.0113646736460599
Female,65-75,93,239255,0.0072643385743676
Female,65-75,99,113,0.0052372734025296
Female,65-75,99,364,0.0133685422886376
Female,65-75,99,100353,0.0034775205461434
Female,65-75,100,52,0.0044828770707378
Female,65-75,100,67,0.0030516849584872
Female,65-75,100,72,0.0063785598812664
Female,65-75,100,142,0.0045898906733341
Female,65-75,100,150,0.015369638022731
Female,65-75,100,170,0.003053396166882
Female,65-75,100,196,0.0151770926160347
Female,65-75,100,234,0.010702708992084
Female,65-75,100,239,0.0182714819206922
Female,65-75,100,268,0.0054296327877871
Female,65-75,101,5,0.0057596781225874
Female,65-75,101,72,0.0071739390556872
Female,65-75,101,151,0.0040638327239943
Female,65-75,101,261,0.0041601865054567
Female,65-75,110,101,0.0065085223888867
Female,65-75,110,103,0.002630230093393
Female,65-75,110,108,0.0035317502714527
Female,65-75,110,153,0.0046003908096877
Female,65-75,110,213,0.003952806988163
Female,65-75,110,239,0.0168421390621977
Female,65-75,110,300,0.0075584786013434
Female,65-75,110,309,0.0026291842631675
Female,65-75,113,112,0.0190086339425535
Female,65-75,113,173,0.0067502008551856
Female,65-75,113,332,0.0069812850386219
Female,65-75,113,358,0.0072130552742145
Female,65-75,113,368,0.0048248234107368
Female,65-75,113,162163,0.0046486987273178
Female,65-75,113,287288,0.0067385445297652
Female,65-75,114,117,0.0023183703299289
Female,65-75,114,119,0.0024047224587861
Female,65-75,114,120,0.0044056188594138
Female,65-75,114,122,0.0016573336821622
Female,65-75,114,123,0.0013798167594537
Female,65-75,114,124,0.0112117914484091
Female,65-75,114,127,0.0017995869929041
Female,65-75,114,128,0.0016793323843733
Female,65-75,114,132,0.0081660949305364
Female,65-75,117,42,0.0028136305837876
Female,65-75,117,101,0.0074170073593629
Female,65-75,117,110,0.008528084024163
Female,65-75,117,230,0.0088140613296824
Female,65-75,119,103,0.0028064776952478
Female,65-75,119,122,0.0082908687165061
Female,65-75,119,207,0.0049698463437665
Female,65-75,119,291,0.0043030346176145
Female,65-75,120,119,0.0096623805543829
Female,65-75,120,124,0.0104109820926961
Female,65-75,120,139,0.0101992507134727
Female,65-75,120,150,0.0086741139697834
Female,65-75,120,192,0.0054626899074154
Female,65-75,120,207,0.0056385995724583
Female,65-75,120,275,0.004571070539284
Female,65-75,120,299,0.0107615117139811
Female,65-75,121,119,0.0109095257230416
Female,65-75,121,264,0.0051977234860766
Female,65-75,121,301,0.0026408874505936
Female,65-75,121,330,0.0053251834017498
Female,65-75,121,348,0.0099154292291616
Female,65-75,122,112,0.0069727095800104
Female,65-75,122,119,0.0126287871054712
Female,65-75,122,124,0.0171822161973249
Female,65-75,122,126,0.0067812733123113
Female,65-75,122,192,0.0140873027295761
Female,65-75,122,220,0.0051867287991431
Female,65-75,122,264,0.0056218565990235
Female,65-75,122,301,0.003907101421184
Female,65-75,123,116,0.0058812308416364
Female,65-75,123,119,0.011655860472152
Female,65-75,123,120,0.0167161286955776
Female,65-75,123,324,0.0074964118540989
Female,65-75,123,359,0.0093962705359748
Female,65-75,124,113,0.0035351614174578
Female,65-75,124,119,0.0055064567199199
Female,65-75,124,120,0.0059366447327817
Female,65-75,124,121,0.0026698390941952
Female,65-75,124,122,0.0047663162992151
Female,65-75,124,123,0.0032561957806219
Female,65-75,124,127,0.0032433203782643
Female,65-75,124,164,0.0101067946390515
Female,65-75,124,168,0.0102672211958254
Female,65-75,124,207,0.0026498738120255
Female,65-75,124,284,0.0118360645822643
Female,65-75,124,301,0.0010236961543792
Female,65-75,124,317,0.0027805821123245
Female,65-75,124,333,0.0013722755621248
Female,65-75,126,101,0.0100869232356284
Female,65-75,126,119,0.0164250664685082
Female,65-75,126,127,0.010418426142909
Female,65-75,126,288,0.0165889746723468
Female,65-75,126,335,0.0037298821377408
Female,65-75,127,67,0.0039007345283013
Female,65-75,127,126,0.0112731811268838
Female,65-75,127,157,0.0040373896187835
Female,65-75,130,129,0.0019644471404878
Female,65-75,130,132,0.0059121060843636
Female,65-75,130,135,0.0030855894441557
Female,65-75,130,177,0.0015504817055121
Female,65-75,131,17,0.0010704636454965
Female,65-75,131,135,0.0047656914440306
Female,65-75,131,332,0.0021680355680779
Female,65-75,132,123,0.0032434563099301
Female,65-75,132,124,0.0065908929842648
Female,65-75,132,131,0.0074063277356961
Female,65-75,132,135,0.0042107612419178
Female,65-75,132,148,0.0070195415023417
Female,65-75,132,193,0.0018074262158272
Female,65-75,135,143,0.0033046964944253
Female,65-75,135,144,0.0064364119607783
Female,65-75,135,146,0.0076920054064368
Female,65-75,135,206,0.0033712021290568
Female,65-75,135,241,0.0052485886650689
Female,65-75,135,361,0.0034730361968894
Female,65-75,137,132,0.0163310810788392
Female,65-75,137,239,0.0170215939440034
Female,65-75,137,297,0.0067554839461783
Female,65-75,137,363,0.0036533217635341
Female,65-75,139,44,0.0099410381223559
Female,65-75,139,108,0.0022900247964597
Female,65-75,139,116,0.0040031093146683
Female,65-75,139,136,0.0021480546337594
Female,65-75,139,140,0.01158967458352
Female,65-75,139,145,0.0099208080429278
Female,65-75,139,157,0.0022249254655254
Female,65-75,139,172,0.0016651644763755
Female,65-75,139,189,0.0053858234222883
Female,65-75,139,201,0.0028784781515612
Female,65-75,140,116,0.0014440609548438
Female,65-75,140,139,0.0038205879252955
Female,65-75,140,189,0.0064519753064207
Female,65-75,140,190,0.0039438042399504
Female,65-75,140,220,0.0014887723298184
Female,65-75,140,222,0.0048720519763928
Female,65-75,140,256,0.001911214171354
Female,65-75,140,287,0.0046751888716517
Female,65-75,145,17,0.0017959082908785
Female,65-75,145,139,0.0112139872520443
Female,65-75,145,144,0.0048468292023098
Female,65-75,145,146,0.0066424290675836
Female,65-75,145,162,0.0054493434215919
Female,65-75,145,164,0.0195463158702522
Female,65-75,145,174,0.0034156517148282
Female,65-75,145,179,0.0027225321619033
Female,65-75,145,192,0.0054318075937646
Female,65-75,145,239,0.0124038404407471
Female,65-75,145,241,0.0037342892121616
Female,65-75,145,305,0.0062535266661707
Female,65-75,145,309,0.0017564480603396
Female,65-75,146,40,0.0015696977339759
Female,65-75,146,80,0.0036046590028473
Female,65-75,146,86,0.0022551975687302
Female,65-75,146,96,0.002261159917441
Female,65-75,146,110,0.0065881620660217
Female,65-75,146,145,0.0061351660743197
Female,65-75,146,150,0.0090973228985618
Female,65-75,146,183,0.0094101551905502
Female,65-75,146,192,0.0070977739187776
Female,65-75,146,193,0.0022512181404835
Female,65-75,146,198,0.0065104802495611
Female,65-75,146,208,0.0086447634265164
Female,65-75,146,222,0.01096958492366
Female,65-75,146,303,0.0051947107658622
Female,65-75,146,323,0.00232349621359
Female,65-75,146,324,0.0117300769830919
Female,65-75,148,65,0.0012903567895295
Female,65-75,148,136,0.0022163253584058
Female,65-75,148,233,0.0026407873927341
Female,65-75,148,285,0.0137372785214828
Female,65-75,148,286,0.0058204730499133
Female,65-75,148,287,0.0126374540183111
Female,65-75,148,297,0.0031463759462502
Female,65-75,148,300,0.0055437200097656
Female,65-75,148,371,0.0044504815421458
Female,65-75,148,287288,0.0025869345473404
Female,65-75,150,47,0.0033774355829582
Female,65-75,150,103,0.0017879362486157
Female,65-75,150,108,0.0032986319708874
Female,65-75,150,148,0.01031319748377
Female,65-75,150,156,0.0038576762080856
Female,65-75,150,157,0.0017953029827369
Female,65-75,150,164,0.0195762812392511
Female,65-75,150,181,0.0102698485118471
Female,65-75,150,192,0.0068283018676481
Female,65-75,150,303,0.0075183069636841
Female,65-75,150,305,0.0074069833484377
Female,65-75,159,146,0.0071421391845432
Female,65-75,159,163,0.0106132748572844
Female,65-75,159,179,0.0021460981472815
Female,65-75,159,181,0.0103867448186148
Female,65-75,159,199,0.0075546415057394
Female,65-75,159,226,0.0117669306616816
Female,65-75,159,234,0.0098808095158391
Female,65-75,159,235,0.0059885422284651
Female,65-75,159,239,0.0123247843072411
Female,65-75,162,93,0.0088973968481728
Female,65-75,162,113,0.0066782013692541
Female,65-75,162,146,0.0102374853679917
Female,65-75,162,163,0.0107642635105301
Female,65-75,162,164,0.0764640583393759
Female,65-75,162,168,0.0221276288196652
Female,65-75,162,188,0.0036696214577527
Female,65-75,162,240,0.0058503167942458
Female,65-75,163,2,0.0076876441146136
Female,65-75,163,11,0.0029560066295627
Female,65-75,163,40,0.002132386997785
Female,65-75,163,93,0.0138554177358374
Female,65-75,163,108,0.0039406876330723
Female,65-75,163,162,0.0145540025544451
Female,65-75,163,164,0.0490598189302021
Female,65-75,163,166,0.0280985275782498
Female,65-75,163,179,0.0021142057134769
Female,65-75,163,181,0.0113964027622747
Female,65-75,163,234,0.0170175495058414
Female,65-75,163,235,0.0070871514203226
Female,65-75,163,309,0.0020807364123479
Female,65-75,163,360,0.0056855334401707
Female,65-75,164,71,0.0025493638294996
Female,65-75,164,93,0.0022943882174505
Female,65-75,164,124,0.0044360809026217
Female,65-75,164,139,0.0051466271208169
Female,65-75,164,145,0.0025278555907258
Female,65-75,164,146,0.0038265651419163
Female,65-75,164,162,0.0042103581700134
Female,65-75,164,166,0.004917093798992
Female,65-75,164,167,0.0065907626383024
Female,65-75,164,168,0.0102001208716977
Female,65-75,164,169,0.0055601724937898
Female,65-75,164,170,0.0010356663666496
Female,65-75,164,181,0.00424925886868
Female,65-75,164,198,0.0031655967617717
Female,65-75,164,208,0.0082966516019659
Female,65-75,164,223,0.002264375705106
Female,65-75,164,226,0.0043429037687637
Female,65-75,164,230,0.0030850111620248
Female,65-75,164,236,0.0012933388383684
Female,65-75,164,240,0.0010195885338047
Female,65-75,164,285,0.0074841577442054
Female,65-75,164,287,0.0056646642515959
Female,65-75,164,288,0.0061687412693208
Female,65-75,164,303,0.0029005818842068
Female,65-75,164,352,0.0010435695297798
Female,65-75,165,23,0.009273438139956
Female,65-75,165,183,0.0166357180646658
Female,65-75,165,197,0.007069948698979
Female,65-75,165,205,0.0106022121604692
Female,65-75,166,2,0.0054672661277774
Female,65-75,166,17,0.0012741685707818
Female,65-75,166,71,0.0082375620266437
Female,65-75,166,74,0.0020579027851394
Female,65-75,166,88,0.0025829063830259
Female,65-75,166,93,0.0052437764063509
Female,65-75,166,127,0.0037239500130145
Female,65-75,166,136,0.0016182499730272
Female,65-75,166,143,0.0023064050192885
Female,65-75,166,146,0.0062452795523042
Female,65-75,166,163,0.0047060132762481
Female,65-75,166,164,0.0133451948009083
Female,65-75,166,165,0.0036140961450028
Female,65-75,166,167,0.0194586069098722
Female,65-75,166,168,0.0118888495066107
Female,65-75,166,169,0.0169586517355689
Female,65-75,166,181,0.0083129102238006
Female,65-75,166,196,0.0122262108201709
Female,65-75,166,197,0.0033748375041399
Female,65-75,166,205,0.0049706841557524
Female,65-75,166,206,0.002284669560723
Female,65-75,166,226,0.0058878104933594
Female,65-75,166,234,0.0105036170527808
Female,65-75,166,235,0.0080461417915173
Female,65-75,166,282,0.0042903355819313
Female,65-75,166,295,0.0042796631228055
Female,65-75,166,317,0.0030163132017722
Female,65-75,167,20,0.0079431337608766
Female,65-75,167,29,0.0045245559563345
Female,65-75,167,59,0.0010847244021309
Female,65-75,167,146,0.0073733414477534
Female,65-75,167,166,0.0211188220355565
Female,65-75,167,168,0.0144827407413159
Female,65-75,167,169,0.0114520850066
Female,65-75,167,188,0.001211840884822
Female,65-75,167,196,0.0065543951486074
Female,65-75,167,199,0.0050699710065815
Female,65-75,167,206,0.0017052065359596
Female,65-75,167,234,0.0051446966718534
Female,65-75,167,235,0.0027968009919472
Female,65-75,167,273,0.0036564871776845
Female,65-75,167,282,0.0019514298361606
Female,65-75,167,338,0.0060795889366372
Female,65-75,167,360,0.0029809637694719
Female,65-75,167,338364,0.0023081641217733
Female,65-75,168,93,0.0029260104426294
Female,65-75,168,113,0.004022346629073
Female,65-75,168,139,0.0063174867464435
Female,65-75,168,146,0.0031673723788013
Female,65-75,168,164,0.0077525802262322
Female,65-75,168,166,0.0094195036723489
Female,65-75,168,167,0.0170023252407009
Female,65-75,168,169,0.0071905249000396
Female,65-75,168,205,0.0019099178764137
Female,65-75,168,213,0.0012942764331507
Female,65-75,168,272,0.0030543666586585
Female,65-75,168,287,0.0057131983036435
Female,65-75,168,338364,0.0024219925909048
Female,65-75,169,38,0.0034170226695131
Female,65-75,169,108,0.0019897922376251
Female,65-75,169,150,0.0051632681520028
Female,65-75,169,156,0.0011812613613774
Female,65-75,169,166,0.0084382246246969
Female,65-75,169,167,0.0099436064879747
Female,65-75,169,181,0.0105351908586281
Female,65-75,169,188,0.0028794430160395
Female,65-75,169,205,0.0035473880610878
Female,65-75,169,209,0.0025757666440874
Female,65-75,169,218,0.0023073658622823
Female,65-75,169,232,0.0015437592775986
Female,65-75,169,239,0.0086972954839923
Female,65-75,169,279,0.0038206730307248
Female,65-75,169,342,0.0037830335934817
Female,65-75,171,108,0.003125737311384
Female,65-75,171,112,0.0041316257376051
Female,65-75,171,116,0.0030594045571894
Female,65-75,171,117,0.0046751930336343
Female,65-75,171,120,0.0063525007359027
Female,65-75,171,137,0.004643714093882
Female,65-75,171,139,0.007446621370085
Female,65-75,171,144,0.0044688727464744
Female,65-75,171,168,0.012586398553224
Female,65-75,171,177,0.0032474057480385
Female,65-75,171,178,0.0046539775303935
Female,65-75,171,209,0.0035897477225432
Female,65-75,171,233,0.0037931857765927
Female,65-75,171,258,0.0029394946031239
Female,65-75,171,301,0.0014272492732721
Female,65-75,171,346,0.0031747781145901
Female,65-75,176,88,0.0028808295915542
Female,65-75,176,112,0.005671783125809
Female,65-75,176,139,0.0070635068770268
Female,65-75,176,142,0.0021121070549084
Female,65-75,176,178,0.0061111318225363
Female,65-75,176,179,0.0016784321565474
Female,65-75,176,196,0.0078985896521878
Female,65-75,176,239,0.0120304305003942
Female,65-75,178,2,0.0097336644132935
Female,65-75,178,40,0.0059871240161458
Female,65-75,178,112,0.0139105950260076
Female,65-75,178,137,0.0138565230746088
Female,65-75,178,142,0.0056749953171428
Female,65-75,178,143,0.0054862885470392
Female,65-75,178,162,0.0074552863038634
Female,65-75,178,274,0.0078314360603087
Female,65-75,181,23,0.0091715949992885
Female,65-75,181,71,0.0056372856723278
Female,65-75,181,73,0.0030709548706357
Female,65-75,181,93,0.0048420668767157
Female,65-75,181,95,0.0034536093654812
Female,65-75,181,163,0.0048676258042777
Female,65-75,181,164,0.0109537778086264
Female,65-75,181,167,0.0138956011238701
Female,65-75,181,176,0.0106359049454327
Female,65-75,181,196,0.0068324662478176
Female,65-75,181,199,0.0052692144661561
Female,65-75,181,226,0.0062693915441093
Female,65-75,181,234,0.007110087722796
Female,65-75,181,241,0.002581258741853
Female,65-75,181,269,0.0043562721260737
Female,65-75,181,287,0.0119256783736831
Female,65-75,181,287288,0.0026742753667531
Female,65-75,182,45,0.0041797258133396
Female,65-75,182,80,0.0025269969554416
Female,65-75,182,150,0.0049252866451105
Female,65-75,182,208,0.0096021907023425
Female,65-75,182,222,0.0086586791498215
Female,65-75,182,263,0.0021949765702653
Female,65-75,182,276,0.0031593141814634
Female,65-75,182,286,0.0050808273919554
Female,65-75,182,305,0.0061494873138869
Female,65-75,183,41,0.0015086094030346
Female,65-75,183,96,0.0038970326583488
Female,65-75,183,165,0.0056275319454757
Female,65-75,183,182,0.0094350000546902
Female,65-75,183,191,0.0015123636869188
Female,65-75,183,197,0.0039816581707773
Female,65-75,183,214,0.0059775658720142
Female,65-75,183,226,0.0083445728244922
Female,65-75,183,229,0.0044398358607113
Female,65-75,189,140,0.0185109876560668
Female,65-75,189,190,0.0146093993225178
Female,65-75,189,265,0.0031608597028812
Female,65-75,190,23,0.0063385097914337
Female,65-75,190,48,0.0016924816995604
Female,65-75,190,97,0.0016777435553293
Female,65-75,190,138,0.0043051829399046
Female,65-75,190,140,0.0182294286386445
Female,65-75,190,189,0.0199888704640179
Female,65-75,190,192,0.0090952465964861
Female,65-75,190,222,0.0109217756697451
Female,65-75,190,266,0.0113048627778395
Female,65-75,190,267,0.002388820652666
Female,65-75,190,317,0.004303032921041
Female,65-75,192,66,0.0030708539770782
Female,65-75,192,80,0.0047136473540673
Female,65-75,192,140,0.0166941289082329
Female,65-75,192,145,0.0097841265444711
Female,65-75,192,146,0.0132962111178449
Female,65-75,192,149,0.0030495051050302
Female,65-75,192,164,0.0178006295723173
Female,65-75,192,190,0.0081151848267777
Female,65-75,192,193,0.0028972159140399
Female,65-75,192,198,0.0158257728022892
Female,65-75,192,200,0.0049720643691766
Female,65-75,192,201,0.0036923366320636
Female,65-75,192,208,0.0150423462734794
Female,65-75,192,226,0.0089884621049361
Female,65-75,192,240,0.0029047678732717
Female,65-75,192,284,0.0159192174877842
Female,65-75,192,324,0.0127400515784644
Female,65-75,196,2,0.0052091052872642
Female,65-75,196,55,0.0028125599734813
Female,65-75,196,74,0.0032212737300033
Female,65-75,196,143,0.0027325143775917
Female,65-75,196,166,0.0073465753772002
Female,65-75,196,169,0.0091967392186937
Female,65-75,196,192,0.0045444976285498
Female,65-75,196,197,0.0067224166875154
Female,65-75,196,199,0.0196552546573046
Female,65-75,196,200,0.0048994068257255
Female,65-75,196,205,0.0049113570357533
Female,65-75,196,206,0.0033669306344006
Female,65-75,196,234,0.0057845583041728
Female,65-75,196,235,0.0066112524147952
Female,65-75,196,239,0.0079988896485207
Female,65-75,196,371,0.0048013278213506
Female,65-75,198,71,0.0061936325260024
Female,65-75,198,97,0.001957117866118
Female,65-75,198,146,0.0139169196788877
Female,65-75,198,164,0.0241943911140995
Female,65-75,198,192,0.0060166408552872
Female,65-75,198,193,0.0028180579469425
Female,65-75,198,196,0.0102908599746686
Female,65-75,198,197,0.0033532889000672
Female,65-75,198,200,0.0025873499764144
Female,65-75,198,239,0.0142075588815881
Female,65-75,198,303,0.0058965265304927
Female,65-75,198,324,0.0055439910059454
Female,65-75,199,23,0.0083132457543304
Female,65-75,199,26,0.0030136505886229
Female,65-75,199,71,0.0059829278180845
Female,65-75,199,146,0.0091019493600199
Female,65-75,199,148,0.008836049304858
Female,65-75,199,157,0.0014977882261502
Female,65-75,199,166,0.0163953722000475
Female,65-75,199,181,0.0094664028190467
Female,65-75,199,196,0.024521193505266
Female,65-75,199,197,0.0066247371179541
Female,65-75,199,226,0.0112422586632269
Female,65-75,199,231,0.0037764367395339
Female,65-75,199,352,0.0015285287357936
Female,65-75,207,8,0.005618554648618
Female,65-75,207,20,0.0175441165116407
Female,65-75,207,222,0.0199588518619427
Female,65-75,207,223,0.0099652842625486
Female,65-75,207,240,0.005515258716307
Female,65-75,207,281,0.0028201614530757
Female,65-75,208,57,0.0019975796344899
Female,65-75,208,91,0.0021914759153731
Female,65-75,208,97,0.0014668437131493
Female,65-75,208,144,0.0034864187774287
Female,65-75,208,145,0.0053469289704055
Female,65-75,208,148,0.0070423455682586
Female,65-75,208,150,0.0061478464656171
Female,65-75,208,151,0.001856816952826
Female,65-75,208,192,0.0054614161145206
Female,65-75,208,214,0.0088337550141735
Female,65-75,208,223,0.0036489464622661
Female,65-75,208,226,0.0088031524487131
Female,65-75,208,230,0.0066163680492397
Female,65-75,208,256,0.0036074017433241
Female,65-75,208,303,0.0051556325071571
Female,65-75,209,74,0.0070955738339715
Female,65-75,209,181,0.0163087593103201
Female,65-75,209,208,0.0190744036835045
Female,65-75,209,214,0.0105190446178099
Female,65-75,214,91,0.0039100220401424
Female,65-75,214,122,0.0074727177132546
Female,65-75,214,196,0.0134934143041145
Female,65-75,214,212,0.0046973566113439
Female,65-75,214,213,0.0027096158878848
Female,65-75,214,217,0.0041848166545015
Female,65-75,214,222,0.0205692792650695
Female,65-75,214,352,0.002845345979379
Female,65-75,219,20,0.017583099737907
Female,65-75,219,209,0.0049710740917036
Female,65-75,219,289,0.0028462092593411
Female,65-75,222,124,0.0056414861927354
Female,65-75,222,128,0.0017203126822646
Female,65-75,222,164,0.0093240279661534
Female,65-75,222,212,0.0029888631443659
Female,65-75,222,214,0.0050148960778584
Female,65-75,222,219,0.0036752576863281
Female,65-75,222,239,0.0097938073082652
Female,65-75,222,258,0.001675533427305
Female,65-75,222,287,0.0062464142697055
Female,65-75,222,288,0.0062947883727813
Female,65-75,222,305,0.0050202854502733
Female,65-75,222,323,0.0013087824330652
Female,65-75,223,74,0.006073653493033
Female,65-75,223,108,0.00825411536042
Female,65-75,223,119,0.0102630769837767
Female,65-75,223,142,0.0040972210756967
Female,65-75,223,164,0.0243176734729516
Female,65-75,223,165,0.0093767288898137
Female,65-75,223,218,0.0059022087380076
Female,65-75,223,239,0.0171525938139322
Female,65-75,223,263,0.0040095393493586
Female,65-75,223,291,0.0082874753702245
Female,65-75,223,297,0.0076767162017647
Female,65-75,223,360,0.0088946080731949
Female,65-75,226,41,0.0018072309224743
Female,65-75,226,48,0.0018182258571002
Female,65-75,226,71,0.0047116437289064
Female,65-75,226,93,0.0069289424542331
Female,65-75,226,164,0.0123514116915091
Female,65-75,226,210,0.0021007242590901
Female,65-75,226,212,0.0052795001702306
Female,65-75,226,214,0.0084907387734996
Female,65-75,226,219,0.00555020951152
Female,65-75,230,14,0.0068503184873062
Female,65-75,230,41,0.0015731149316328
Female,65-75,230,153,0.0041644384987457
Female,65-75,230,158,0.0023662961965821
Female,65-75,230,208,0.0101274134227705
Female,65-75,230,219,0.0070818633774117
Female,65-75,230,231,0.0027887304729546
Female,65-75,230,241,0.0043073589991049
Female,65-75,230,371,0.0073578638960149
Female,65-75,234,2,0.0067989188105725
Female,65-75,234,11,0.0034787630125848
Female,65-75,234,26,0.0027519419851711
Female,65-75,234,65,0.0022800452977514
Female,65-75,234,73,0.0030086579646871
Female,65-75,234,93,0.0086779455013628
Female,65-75,234,146,0.0078687445397177
Female,65-75,234,165,0.005205962618877
Female,65-75,234,166,0.016466685914911
Female,65-75,234,181,0.0101074536740313
Female,65-75,234,183,0.0098510859615022
Female,65-75,234,196,0.0108089348734787
Female,65-75,234,201,0.0040473898622118
Female,65-75,234,226,0.008187158971427
Female,65-75,234,272,0.0088311860849878
Female,65-75,234,282,0.0046291018945695
Female,65-75,234,338359,0.0021271265637541
Female,65-75,239,2,0.0093492952098004
Female,65-75,239,20,0.0063726322365668
Female,65-75,239,38,0.0051805843575611
Female,65-75,239,47,0.002966360304607
Female,65-75,239,91,0.0021978839120632
Female,65-75,239,115,0.002171288112134
Female,65-75,239,124,0.0063502889447894
Female,65-75,239,143,0.0018433105393976
Female,65-75,239,146,0.0055886151761824
Female,65-75,239,201,0.001978545440771
Female,65-75,239,209,0.0024429045048123
Female,65-75,239,223,0.0033415181793717
Female,65-75,239,233,0.0030502485888041
Female,65-75,239,234,0.0055449661951568
Female,65-75,239,240,0.0016019674726493
Female,65-75,239,241,0.0030215226432845
Female,65-75,239,253,0.0043282250658452
Female,65-75,239,255,0.0175764142659808
Female,65-75,239,288,0.0079422428409235
Female,65-75,239,357,0.0033894477169165
Female,65-75,241,65,0.0050628302278701
Female,65-75,241,128,0.0046890956484568
Female,65-75,241,222,0.0221147827854752
Female,65-75,241,232,0.0048295918043241
Female,65-75,253,29,0.0085364711908322
Female,65-75,253,140,0.0154070515795444
Female,65-75,253,147,0.0027836109024165
Female,65-75,253,188,0.0028631522608989
Female,65-75,253,222,0.0137415486569904
Female,65-75,253,239,0.0166261800310393
Female,65-75,253,240,0.0027642585264428
Female,65-75,253,258,0.0028731843911152
Female,65-75,253,261,0.0029107371767006
Female,65-75,253,268,0.0052100605498582
Female,65-75,253,273,0.0097528819410307
Female,65-75,253,365,0.0019144640061606
Female,65-75,255,21,0.0012765860379694
Female,65-75,255,25,0.0016026392948745
Female,65-75,255,140,0.0124617924894915
Female,65-75,255,156,0.001256845061929
Female,65-75,255,219,0.0045627514258912
Female,65-75,255,222,0.0101170846137075
Female,65-75,255,239,0.0203947445232763
Female,65-75,255,317,0.003633788279135
Female,65-75,256,86,0.0040001361713861
Female,65-75,256,169,0.0150803627115883
Female,65-75,256,239,0.0182357043643633
Female,65-75,256,258,0.0040215706092642
Female,65-75,259,18,0.0052922203206509
Female,65-75,259,35,0.0058073108444552
Female,65-75,259,73,0.0030397028400894
Female,65-75,259,235,0.0042315563880709
Female,65-75,266,13,0.0065211006690868
Female,65-75,266,29,0.0067922246631534
Female,65-75,266,39,0.0034930950423581
Female,65-75,266,153,0.0035570541719604
Female,65-75,266,207,0.0036867168764484
Female,65-75,266,268,0.0034670779573594
Female,65-75,266,301,0.0021548889853738
Female,65-75,266,330,0.002667089943184
Female,65-75,269,2,0.0074760072379967
Female,65-75,269,50,0.0031464685823203
Female,65-75,269,73,0.0074395087284628
Female,65-75,269,115,0.0044804790080384
Female,65-75,269,126,0.0070278400772341
Female,65-75,269,136,0.0030707597618953
Female,65-75,269,166,0.0145805095686544
Female,65-75,269,181,0.0144009019704751
Female,65-75,269,182,0.015771131652558
Female,65-75,269,205,0.0052591983949138
Female,65-75,269,229,0.0043177647720007
Female,65-75,269,234,0.0140680335757419
Female,65-75,269,263,0.0045743044563058
Female,65-75,269,272,0.0133442110872215
Female,65-75,269,273,0.0067275705600547
Female,65-75,269,335,0.0047743604221267
Female,65-75,272,8,0.0034597014132499
Female,65-75,272,11,0.0068570467461723
Female,65-75,272,13,0.0090009420190979
Female,65-75,272,55,0.0047150105741086
Female,65-75,272,64,0.0053722831971537
Female,65-75,272,153,0.0060820312608834
Female,65-75,272,210,0.0033655386223146
Female,65-75,272,211,0.0033002504766671
Female,65-75,272,218,0.0066320610154197
Female,65-75,272,309,0.0034767064222392
Female,65-75,272,355,0.0053041730270164
Female,65-75,273,13,0.0072932307074706
Female,65-75,273,42,0.0028226811890461
Female,65-75,273,117,0.006228776180147
Female,65-75,273,204,0.0029342399781904
Female,65-75,273,208,0.0149012194432627
Female,65-75,274,72,0.008369377829781
Female,65-75,274,190,0.0089424294633996
Female,65-75,274,232,0.0035975182020902
Female,65-75,274,265,0.0051473764970543
Female,65-75,276,96,0.0044453190953471
Female,65-75,276,146,0.0108042496802707
Female,65-75,276,150,0.0136961782238132
Female,65-75,276,159,0.00953480864217
Female,65-75,276,273,0.0101957936639052
Female,65-75,279,11,0.0033375261659257
Female,65-75,279,66,0.0023637342627636
Female,65-75,279,148,0.0142742765085616
Female,65-75,279,151,0.0035182144433087
Female,65-75,279,198,0.0075210393687611
Female,65-75,279,201,0.0057214999474044
Female,65-75,279,269,0.0075024405364244
Female,65-75,279,284,0.0180753682947657
Female,65-75,279,303,0.0066735585775548
Female,65-75,279,358,0.0033803258198701
Female,65-75,282,2,0.0251802347870909
Female,65-75,282,11,0.0052828701945946
Female,65-75,282,41,0.0028902208025712
Female,65-75,282,42,0.0059024236513779
Female,65-75,282,96,0.0058304635381736
Female,65-75,282,97,0.0029110003629424
Female,65-75,282,166,0.0308566975995294
Female,65-75,282,196,0.0201293714176935
Female,65-75,282,201,0.0082379934020594
Female,65-75,282,220,0.0083203039289671
Female,65-75,282,229,0.005502042227714
Female,65-75,282,234,0.0158085047342115
Female,65-75,282,235,0.0166568269740178
Female,65-75,282,263,0.0057780787681191
Female,65-75,282,354,0.0078261702441673
Female,65-75,282,361,0.0058271294004529
Female,65-75,282,166167,0.0055778828164676
Female,65-75,284,139,0.0046006046219061
Female,65-75,284,140,0.0078742217194968
Female,65-75,284,148,0.0072273054452711
Female,65-75,284,150,0.0033148403568692
Female,65-75,284,269,0.0026732698578398
Female,65-75,284,285,0.0081326573453126
Female,65-75,284,286,0.0024387330678158
Female,65-75,284,288,0.00903649523508
Female,65-75,284,293,0.001130602140743
Female,65-75,284,299,0.0066417421239261
Female,65-75,284,371,0.0047047578980839
Female,65-75,285,148,0.0039945796061309
Female,65-75,285,150,0.0033438770196351
Female,65-75,285,169,0.0056426951995719
Female,65-75,285,183,0.0049284002792701
Female,65-75,285,222,0.0065118378707544
Female,65-75,285,231,0.0014372468138438
Female,65-75,285,284,0.009031545913107
Female,65-75,285,286,0.003008588023362
Female,65-75,285,287,0.0049713364267908
Female,65-75,285,293,0.0017677082032239
Female,65-75,285,299,0.0046576951723696
Female,65-75,285,300,0.0030447821790911
Female,65-75,285,317,0.0024318734451313
Female,65-75,285,362,0.001017840088562
Female,65-75,285,371,0.0061471002688064
Female,65-75,286,59,0.0028273171103011
Female,65-75,286,61,0.0028640232600437
Female,65-75,286,64,0.0027794393583757
Female,65-75,286,192,0.0067695032147891
Female,65-75,286,208,0.0160974878931899
Female,65-75,286,218,0.0053877073073933
Female,65-75,286,279,0.0071720352734737
Female,65-75,286,284,0.0191019754330883
Female,65-75,286,285,0.028768106367901
Female,65-75,286,287,0.0121411855927658
Female,65-75,286,288,0.015626205283091
Female,65-75,286,289,0.002829458059386
Female,65-75,286,299,0.013764291996056
Female,65-75,286,300,0.0092699909557653
Female,65-75,287,17,0.0012644488361262
Female,65-75,287,124,0.0075611791520028
Female,65-75,287,148,0.0097071366963145
Female,65-75,287,157,0.0012359632576073
Female,65-75,287,164,0.0133435519703087
Female,65-75,287,168,0.0102426359355907
Female,65-75,287,192,0.0035742982613991
Female,65-75,287,198,0.0073390616446319
Female,65-75,287,222,0.0124322084951901
Female,65-75,287,226,0.007867865606356
Female,65-75,287,239,0.010348559699032
Female,65-75,287,284,0.0122054448915982
Female,65-75,287,286,0.0037967868469916
Female,65-75,287,288,0.0441638827573301
Female,65-75,287,289,0.00175306638803
Female,65-75,287,299,0.0073409354083009
Female,65-75,287,306,0.0046473547259903
Female,65-75,287,360,0.0049926390828
Female,65-75,288,65,0.0011424980530963
Female,65-75,288,124,0.0057892220606904
Female,65-75,288,135,0.0037680955985406
Female,65-75,288,145,0.0061492377235187
Female,65-75,288,146,0.0040031292173722
Female,65-75,288,148,0.0093887748679306
Female,65-75,288,156,0.0014654687623922
Female,65-75,288,158,0.0013463869501693
Female,65-75,288,164,0.0155038082717015
Female,65-75,288,208,0.0074620978131517
Female,65-75,288,218,0.0019285489716084
Female,65-75,288,222,0.0099598777277251
Female,65-75,288,284,0.0161523911409383
Female,65-75,288,285,0.0082253045530777
Female,65-75,288,286,0.0037043465664441
Female,65-75,288,287,0.0227443430546435
Female,65-75,288,289,0.0025603432139334
Female,65-75,288,299,0.0116760227951872
Female,65-75,288,300,0.0035814159753822
Female,65-75,288,301,0.0011516578813653
Female,65-75,288,305,0.005601483235059
Female,65-75,288,364,0.0067993486520094
Female,65-75,288,368,0.0013856690420318
Female,65-75,290,177,0.0023957542818381
Female,65-75,290,222,0.0103794319727816
Female,65-75,290,258,0.002133276094846
Female,65-75,290,269,0.0037112966429
Female,65-75,290,317,0.0055438080156547
Female,65-75,290,342,0.0045614960850266
Female,65-75,290,363,0.0019899327719796
Female,65-75,292,57,0.0022734463579958
Female,65-75,292,144,0.007646555851926
Female,65-75,292,182,0.010774377764745
Female,65-75,292,214,0.0065532306718238
Female,65-75,292,285,0.0381023791948172
Female,65-75,292,293,0.0032433978697104
Female,65-75,295,8,0.0028193723192344
Female,65-75,295,77,0.0075714345102965
Female,65-75,295,165,0.0076768452352864
Female,65-75,295,169,0.0144035466860767
Female,65-75,295,207,0.0053661008051671
Female,65-75,295,234,0.0122346068362746
Female,65-75,295,241,0.005105305206145
Female,65-75,295,277,0.0054659574821662
Female,65-75,295,303,0.0099463001749652
Female,65-75,297,68,0.003995262578949
Female,65-75,297,137,0.006976937448266
Female,65-75,297,151,0.0038668302215226
Female,65-75,297,286,0.01026841577825
Female,65-75,297,300,0.013762767116456
Female,65-75,299,140,0.0106708713643069
Female,65-75,299,148,0.0065581054031596
Female,65-75,299,158,0.0013853608460197
Female,65-75,299,164,0.0125981701806023
Female,65-75,299,209,0.0032558603532956
Female,65-75,299,222,0.0093052005077227
Female,65-75,299,284,0.0147613577037397
Female,65-75,299,285,0.0119338351985469
Female,65-75,299,287,0.0168720435104976
Female,65-75,299,288,0.0152578073759855
Female,65-75,299,297,0.0030499081973039
Female,65-75,299,300,0.0041031319900922
Female,65-75,299,287288,0.002635566799969
Female,65-75,299,290350,0.0037088733307867
Female,65-75,299,338359,0.0018896523973744
Female,65-75,300,73,0.0049638669606872
Female,65-75,300,88,0.003848218333942
Female,65-75,300,153,0.0044940480870099
Female,65-75,300,156,0.0025191366612942
Female,65-75,300,239,0.015331951075905
Female,65-75,300,292,0.0088601223519988
Female,65-75,300,301,0.0024893318620576
Female,65-75,300,309,0.002583800378515
Female,65-75,303,46,0.0126401572934102
Female,65-75,303,47,0.0044492080111841
Female,65-75,303,145,0.0080998881446915
Female,65-75,303,204,0.0024182416676025
Female,65-75,303,208,0.0109404871964353
Female,65-75,303,223,0.0072409073918843
Female,65-75,303,268,0.0067804690917972
Female,65-75,303,287,0.0161703171354117
Female,65-75,303,288,0.0213274438491648
Female,65-75,303,299,0.020818468030631
Female,65-75,303,300,0.0086059406891416
Female,65-75,303,333,0.0036211195888496
Female,65-75,305,5,0.0040175166621518
Female,65-75,305,59,0.0034551319284091
Female,65-75,305,179,0.0022783388956525
Female,65-75,305,207,0.0040153141519484
Female,65-75,305,219,0.0068554846349973
Female,65-75,305,256,0.0059393492720389
Female,65-75,305,300,0.009692170153975
Female,65-75,305,342,0.0073262295447354
Female,65-75,305,364,0.0127576664888935
Female,65-75,317,28,0.0067163053980388
Female,65-75,317,55,0.0056385602407726
Female,65-75,317,108,0.0057108025863942
Female,65-75,317,158,0.0038630817340262
Female,65-75,317,288,0.018032729641655
Female,65-75,317,299,0.0161206907680104
Female,65-75,317,301,0.006224295173253
Female,65-75,317,303,0.0082039908699413
Female,65-75,317,348,0.009038004868376
Female,65-75,317,100353,0.0054860565622377
Female,65-75,324,13,0.0093843016249421
Female,65-75,324,127,0.0075724175844405
Female,65-75,324,135,0.008949812188004
Female,65-75,324,146,0.0140553004851373
Female,65-75,324,193,0.0041233372922821
Female,65-75,324,256,0.0075354980891571
Female,65-75,324,271,0.0043189919902419
Female,65-75,324,276,0.0101477307007329
Female,65-75,324,287,0.0151102759598864
Female,65-75,338,12,0.0027274744045221
Female,65-75,338,101,0.0062177455566009
Female,65-75,338,112,0.0069157017043025
Female,65-75,338,113,0.0044118839805707
Female,65-75,338,179,0.0017899747527733
Female,65-75,338,364,0.0217427612019025
Female,65-75,339,57,0.0032906497425038
Female,65-75,339,73,0.0044442093561921
Female,65-75,339,88,0.0031282109865718
Female,65-75,339,121,0.0061825888556414
Female,65-75,339,149,0.0032694225703576
Female,65-75,339,153,0.0050724886074595
Female,65-75,339,166,0.0133988080776303
Female,65-75,339,360,0.0075572950775128
Female,65-75,342,91,0.0043279228124938
Female,65-75,342,153,0.0112406434878968
Female,65-75,342,172,0.0023857580087815
Female,65-75,342,210,0.004678843666492
Female,65-75,342,239,0.0197939164187522
Female,65-75,342,261,0.004713358506109
Female,65-75,342,268,0.0061431697134323
Female,65-75,342,290,0.0385819790629503
Female,65-75,342,353,0.0223935241504573
Female,65-75,342,360,0.0097726954419616
Female,65-75,342,361,0.0045977717737931
Female,65-75,342,290345,0.0045548337563594
Female,65-75,345,229,0.0031110711880966
Female,65-75,345,261,0.0045074856681243
Female,65-75,345,290,0.0642843971737125
Female,65-75,345,291,0.0039909217455904
Female,65-75,345,317,0.0051738136698911
Female,65-75,345,352,0.0017596425772493
Female,65-75,345,360,0.0070531815361422
Female,65-75,345,100353,0.0047671142499529
Female,65-75,348,86,0.0049812368334479
Female,65-75,348,116,0.0046212729609051
Female,65-75,348,117,0.0073567431797624
Female,65-75,348,214,0.0086121257418455
Female,65-75,348,290,0.0293223508013951
Female,65-75,348,317,0.0063630725855859
Female,65-75,348,335,0.0032853797706323
Female,65-75,350,91,0.0025355233436505
Female,65-75,350,97,0.0013720285495748
Female,65-75,350,148,0.0082837967661697
Female,65-75,350,158,0.0017548421524135
Female,65-75,350,261,0.0017278375209798
Female,65-75,350,290,0.0511339309147047
Female,65-75,350,297,0.0034309264629312
Female,65-75,350,356,0.0034502634001734
Female,65-75,353,88,0.0021689283469381
Female,65-75,353,91,0.0027198716736443
Female,65-75,353,143,0.0029203326545638
Female,65-75,353,261,0.0021620831824007
Female,65-75,353,290,0.0332784250343143
Female,65-75,353,291,0.0034083859138283
Female,65-75,353,309,0.0022707056003482
Female,65-75,353,317,0.0143235117971829
Female,65-75,353,360,0.0048185132682632
Female,65-75,353,371,0.0119417662879222
Female,65-75,354,179,0.0045922827297998
Female,65-75,354,279,0.009911978005306
Female,65-75,354,290,0.0480733377026234
Female,65-75,354,317,0.0122043220549817
Female,65-75,356,88,0.0033171010757287
Female,65-75,356,91,0.0048542500401385
Female,65-75,356,210,0.0032694298763341
Female,65-75,356,290,0.0530359655094678
Female,65-75,356,309,0.0034033711114214
Female,65-75,356,317,0.0069180821913672
Female,65-75,356,346,0.0047925359004306
Female,65-75,356,361,0.0032641232721988
Female,65-75,357,145,0.0108982011629319
Female,65-75,357,158,0.0024455160266259
Female,65-75,357,193,0.0025940848972721
Female,65-75,357,290,0.0324105521182376
Female,65-75,357,358,0.0050881763549205
Female,65-75,359,153,0.0081523695289404
Female,65-75,359,192,0.0077906218943932
Female,65-75,359,197,0.0089113453498659
Female,65-75,359,239,0.0173069759447624
Female,65-75,359,266,0.0137180674599018
Female,65-75,359,317,0.0061764106065273
Female,65-75,359,341,0.0050328927469091
Female,65-75,359,345,0.0134619675384364
Female,65-75,359,239255,0.0066358675065421
Female,65-75,360,181,0.0124571222692394
Female,65-75,360,196,0.0184708932452438
Female,65-75,360,229,0.0047478723590273
Female,65-75,360,265,0.0047744771116626
Female,65-75,360,287,0.0177153515437108
Female,65-75,360,290,0.0496662657835996
Female,65-75,360,291,0.0065051369120598
Female,65-75,360,341,0.0046280810532021
Female,65-75,360,361,0.0031837883377928
Female,65-75,364,174,0.0019290768113945
Female,65-75,364,209,0.0026496117818517
Female,65-75,364,236,0.0022526966616501
Female,65-75,364,239,0.0071218808913404
Female,65-75,364,359,0.0049468512612013
Female,65-75,364,363,0.0017385774258465
Female,65-75,364,100353,0.0025009082055741
Female,65-75,371,148,0.0131767169506301
Female,65-75,371,261,0.002371257012307
Female,65-75,371,286,0.0073655821476118
Female,65-75,371,297,0.005435116569401
Female,65-75,371,333,0.0050998870901296
Female,65-75,239255,57,0.0035435836674727
Female,65-75,239255,67,0.0034603914734685
Female,65-75,239255,220,0.0085606363123217
Female,65-75,239255,355,0.0053554560153917
Female,65-75,290350,42,0.0075328015280783
Female,65-75,290350,147,0.0048144523412337
Female,65-75,290350,330,0.004761681878933
Female,65-75,290350,358,0.0046695209690821
Female,65-75,290350,365,0.0050261726158615
Female,65-75,338364,69,0.003015308071459
Female,65-75,338364,265,0.0056555611192911
Female,65-75,338364,342,0.0110864317984127
Male,65-75,2,11,0.0072425962369344
Male,65-75,2,97,0.0029392044738815
Male,65-75,2,157,0.0031186777044178
Male,65-75,2,196,0.0193176300515217
Male,65-75,2,239,0.025127321806272
Male,65-75,2,244,0.0056159065560161
Male,65-75,2,251,0.0044440566641507
Male,65-75,2,276,0.0030602577079536
Male,65-75,2,360,0.0053812283187292
Male,65-75,2,100353,0.0028034504438601
Male,65-75,5,159,0.0093136098660084
Male,65-75,5,188,0.0040905926094215
Male,65-75,13,66,0.0026880489072158
Male,65-75,13,91,0.0039573125676868
Male,65-75,13,95,0.0057307731042344
Male,65-75,13,201,0.0048575853360734
Male,65-75,13,222,0.0125483238903522
Male,65-75,13,249,0.0061518278042601
Male,65-75,13,266,0.0120865200042689
Male,65-75,13,332,0.0039472840301404
Male,65-75,13,342,0.0040087283350023
Male,65-75,14,16,0.0025660457054994
Male,65-75,14,25,0.007297672852313
Male,65-75,14,55,0.017157991160399
Male,65-75,14,56,0.005691058347517
Male,65-75,14,74,0.0109725432304083
Male,65-75,14,97,0.0023035328942198
Male,65-75,14,165,0.0110553217806914
Male,65-75,14,209,0.0173960568123664
Male,65-75,14,214,0.0133269755285407
Male,65-75,14,220,0.0045294656578423
Male,65-75,14,226,0.0158236737597636
Male,65-75,14,231,0.0071680256923853
Male,65-75,14,234,0.012519081895075
Male,65-75,18,14,0.0279598693016934
Male,65-75,18,20,0.0657171562055733
Male,65-75,18,25,0.0040893699883201
Male,65-75,18,74,0.0028429979764084
Male,65-75,18,165,0.0076584752084997
Male,65-75,18,212,0.0071194865578401
Male,65-75,18,239,0.007977267046516
Male,65-75,18,267,0.004299339869527
Male,65-75,18,332,0.0023006809444194
Male,65-75,20,21,0.0012696230331522
Male,65-75,20,246,0.0022035440691957
Male,65-75,20,264,0.0010692857349394
Male,65-75,23,12,0.0021453051904594
Male,65-75,23,13,0.0053505420520512
Male,65-75,23,55,0.0245150229476002
Male,65-75,23,78,0.0022879830900932
Male,65-75,23,165,0.0101327965242267
Male,65-75,23,196,0.0232581024656036
Male,65-75,23,197,0.0045964167655371
Male,65-75,23,204,0.0037449389346196
Male,65-75,23,234,0.0131494877080179
Male,65-75,23,267,0.005362882556428
Male,65-75,31,32,-0.0161010820753301
Male,65-75,31,55,0.0049024826032276
Male,65-75,31,183,0.0058144663580087
Male,65-75,31,222,0.0112421258505389
Male,65-75,31,240,0.008687002044335
Male,65-75,31,249,0.0043201841385796
Male,65-75,31,250,0.0053263442503142
Male,65-75,32,31,0.004468283190129
Male,65-75,32,44,0.0061579515461815
Male,65-75,32,132,0.0043603148679227
Male,65-75,32,212,0.0019675367690804
Male,65-75,32,222,0.0046310165163757
Male,65-75,32,239,0.0042795960038257
Male,65-75,32,240,0.0044605860219902
Male,65-75,32,245,0.0024996219171433
Male,65-75,32,249,0.0021843165882116
Male,65-75,32,250,0.0022100245504048
Male,65-75,32,288,0.0049296827231458
Male,65-75,32,299,0.0041837145610371
Male,65-75,38,2,0.0071647915493683
Male,65-75,38,25,0.0038333894381342
Male,65-75,38,55,0.0080339516292179
Male,65-75,38,80,0.0028646191299729
Male,65-75,38,113,0.0045399067849823
Male,65-75,38,183,0.0064248158720289
Male,65-75,38,196,0.0120960453613388
Male,65-75,38,213,0.0038554628550528
Male,65-75,38,218,0.0034492414021132
Male,65-75,38,233,0.0087884621035598
Male,65-75,38,234,0.0193735108634639
Male,65-75,38,236,0.003807817041165
Male,65-75,38,239,0.0151883755425418
Male,65-75,38,240,0.0105696567171965
Male,65-75,38,250,0.0043249041902255
Male,65-75,38,355,0.0029744561736813
Male,65-75,39,2,0.0148220535204648
Male,65-75,39,8,0.0044969547009679
Male,65-75,39,46,0.0157702856597486
Male,65-75,39,52,0.0134274611816038
Male,65-75,39,142,0.0043318849310305
Male,65-75,39,143,0.0040445868275627
Male,65-75,39,153,0.0082373823638651
Male,65-75,39,196,0.0166789423798698
Male,65-75,39,200,0.0041720523325126
Male,65-75,39,206,0.0088732851414153
Male,65-75,39,267,0.0038990784386316
Male,65-75,39,166167,0.0064008213518914
Male,65-75,43,46,0.0060493745664147
Male,65-75,43,54,0.0013890804080293
Male,65-75,43,56,0.002182780474831
Male,65-75,43,66,0.0015950360736081
Male,65-75,43,265,0.0020610760044802
Male,65-75,43,276,0.0018885166139536
Male,65-75,44,128,0.0015181194651083
Male,65-75,44,207,0.0020131956699776
Male,65-75,44,214,0.008061947246465
Male,65-75,44,265,0.0027480107334088
Male,65-75,44,275,0.0035671745500376
Male,65-75,45,44,0.0170001941294455
Male,65-75,45,50,0.0062465282492
Male,65-75,45,209,0.0073050835189044
Male,65-75,45,236,0.0077718777173616
Male,65-75,45,276,0.0061543549186175
Male,65-75,46,61,0.0013641712771923
Male,65-75,46,103,0.0010331293339545
Male,65-75,46,165,0.0035558235507234
Male,65-75,46,193,0.0015786933961702
Male,65-75,46,221,0.0016395086726769
Male,65-75,46,285,0.0091389796239497
Male,65-75,71,32,0.014600438503111
Male,65-75,71,72,0.0132664995771325
Male,65-75,71,73,0.0045112828926975
Male,65-75,71,95,0.0040651568945521
Male,65-75,71,229,0.0045065089751226
Male,65-75,71,232,0.0047444490165543
Male,65-75,71,239,0.0097216656631212
Male,65-75,71,272,0.006308642429395
Male,65-75,71,359,0.0060040204561297
Male,65-75,72,11,0.0033128330353914
Male,65-75,72,68,0.0023810688965236
Male,65-75,72,71,0.0165189495240228
Male,65-75,72,73,0.0136769742963212
Male,65-75,72,78,0.0037677614983338
Male,65-75,72,95,0.0050721228273346
Male,65-75,72,166,0.0141712737785288
Male,65-75,73,11,0.0053357893782329
Male,65-75,73,71,0.0272528258104431
Male,65-75,73,72,0.0187742857435494
Male,65-75,73,127,0.0112485166797208
Male,65-75,73,178,0.0107628121221951
Male,65-75,73,234,0.025413911996868
Male,65-75,73,240,0.0079086375523402
Male,65-75,73,269,0.0173043557503606
Male,65-75,73,270,0.0051056816930685
Male,65-75,73,271,0.0061379064803767
Male,65-75,73,272,0.0153102037544288
Male,65-75,73,282,0.0113850680156423
Male,65-75,73,309,0.0088105900139297
Male,65-75,73,358,0.002964328316391
Male,65-75,93,14,0.0085716672972503
Male,65-75,93,88,0.0027756574664143
Male,65-75,93,147,0.0026424468851419
Male,65-75,93,162,0.0084031218403312
Male,65-75,93,196,0.0160683004467991
Male,65-75,93,209,0.0070415059528018
Male,65-75,93,218,0.0050036272897406
Male,65-75,93,220,0.0050252850648474
Male,65-75,93,226,0.029696775562548
Male,65-75,93,230,0.0096057193388815
Male,65-75,93,234,0.0126212739002221
Male,65-75,93,239,0.0125057617724009
Male,65-75,93,269,0.0055434250607545
Male,65-75,93,276,0.0026782795181183
Male,65-75,93,306,0.0026352479370735
Male,65-75,93,338359,0.0026647362295205
Male,65-75,99,80,0.0033330554787997
Male,65-75,99,110,0.0056415936899873
Male,65-75,100,2,0.0160350473145441
Male,65-75,100,99,0.0135002438997383
Male,65-75,100,101,0.0084538061380985
Male,65-75,100,212,0.0047808394954345
Male,65-75,100,218,0.0042886006873797
Male,65-75,100,239,0.0107217175800101
Male,65-75,100,269,0.0045342859933714
Male,65-75,100,270,0.00339553348312
Male,65-75,100,339,0.0065233019237359
Male,65-75,100,342,0.0034334265969003
Male,65-75,101,52,0.0048332137838064
Male,65-75,101,99,0.0267812093687739
Male,65-75,101,103,0.0035482144509396
Male,65-75,101,112,0.0132875939255942
Male,65-75,101,365,0.0053599994970421
Male,65-75,110,99,0.0129451514273417
Male,65-75,110,212,0.0058325061928033
Male,65-75,110,239,0.0186907823377554
Male,65-75,110,342,0.0034879709269458
Male,65-75,112,180,0.0043865764187904
Male,65-75,112,196,0.0205712000322731
Male,65-75,112,212,0.0079394558436036
Male,65-75,112,267,0.003997593910941
Male,65-75,112,269,0.0078452599397713
Male,65-75,112,276,0.0043754407427675
Male,65-75,112,339,0.0107993902452392
Male,65-75,112,341,0.0058333401151089
Male,65-75,112,342,0.0063743983040133
Male,65-75,112,356,0.0063097686570641
Male,65-75,112,363,0.0043414847549783
Male,65-75,112,100353,0.004264062778413
Male,65-75,113,101,0.0122989454244331
Male,65-75,113,108,0.0093384213506675
Male,65-75,113,112,0.0073924646387712
Male,65-75,113,178,0.0104702349061258
Male,65-75,113,179,0.0045238566384212
Male,65-75,114,72,0.0022059948373765
Male,65-75,114,99,0.0023950301151598
Male,65-75,114,120,0.0041222360452286
Male,65-75,114,123,0.0014112739253698
Male,65-75,114,124,0.0088132135607649
Male,65-75,114,126,0.0024718684992829
Male,65-75,114,127,0.0032231645725852
Male,65-75,114,128,0.0016747291695209
Male,65-75,114,131,0.0048442347344113
Male,65-75,114,132,0.0066136532635865
Male,65-75,114,137,0.001405378491158
Male,65-75,114,248,0.0007965176656195
Male,65-75,114,323,0.0006093242345868
Male,65-75,117,42,0.0034014317581568
Male,65-75,117,116,0.0052079221791137
Male,65-75,117,193,0.0035134960367017
Male,65-75,117,371,0.0064793589986742
Male,65-75,119,46,0.0110704591614535
Male,65-75,119,91,0.0035925986070312
Male,65-75,119,122,0.0050359231991499
Male,65-75,119,124,0.0076485700110923
Male,65-75,119,139,0.0085165564220426
Male,65-75,119,190,0.0087522307333069
Male,65-75,119,323,0.0018160636728994
Male,65-75,120,44,0.0176541789877472
Male,65-75,120,122,0.0093807415895382
Male,65-75,120,124,0.0167744887786001
Male,65-75,120,266,0.009039290738024
Male,65-75,120,323,0.0042582090935657
Male,65-75,122,99,0.012971723476172
Male,65-75,122,119,0.0149533429820231
Male,65-75,122,123,0.0116046080718145
Male,65-75,122,139,0.0141718864188647
Male,65-75,122,192,0.0258548239452279
Male,65-75,122,290350,0.0024382284070156
Male,65-75,123,124,0.0169892794671557
Male,65-75,123,142,0.003934929669279
Male,65-75,123,277,0.003908289286611
Male,65-75,124,46,0.0105211903213926
Male,65-75,124,132,0.0148041439220942
Male,65-75,124,139,0.0072231505045415
Male,65-75,124,142,0.0023181648902962
Male,65-75,124,143,0.0038836852941841
Male,65-75,124,145,0.0078949733173954
Male,65-75,124,288,0.0118629282640652
Male,65-75,124,300,0.0093022443715979
Male,65-75,124,323,0.0015218097195587
Male,65-75,126,8,0.0036977221707429
Male,65-75,126,29,0.0035224370090019
Male,65-75,126,117,0.0064342028155869
Male,65-75,126,124,0.0169270681824708
Male,65-75,126,127,0.0163449421331523
Male,65-75,126,128,0.0073314843525887
Male,65-75,126,147,0.0036238764352979
Male,65-75,126,306,0.005578441166212
Male,65-75,127,124,0.0118759536445354
Male,65-75,127,126,0.0127825642611362
Male,65-75,127,297,0.0062879070915284
Male,65-75,130,129,0.002097146111657
Male,65-75,132,117,0.0042785788957624
Male,65-75,132,124,0.0050084730075656
Male,65-75,132,127,0.0028333260977125
Male,65-75,132,144,0.001736978186249
Male,65-75,132,248,0.0021750888951374
Male,65-75,135,151,0.0054990131512087
Male,65-75,135,178,0.0065875408466335
Male,65-75,135,266,0.0095214017475412
Male,65-75,137,115,0.0067302323340073
Male,65-75,137,144,0.0046204828966862
Male,65-75,137,356,0.0069558617822717
Male,65-75,137,290350,0.002383089391706
Male,65-75,139,32,0.0135419090005357
Male,65-75,139,96,0.0039382715496188
Male,65-75,139,117,0.0049174008074584
Male,65-75,139,143,0.0029282785641692
Male,65-75,139,157,0.0033754835193231
Male,65-75,139,159,0.0051558381362013
Male,65-75,139,177,0.0049450724044535
Male,65-75,140,44,0.0047496879325047
Male,65-75,140,139,0.0029098267867896
Male,65-75,140,189,0.0061302452147012
Male,65-75,140,222,0.0042822849515014
Male,65-75,140,297,0.0012149139181891
Male,65-75,140,352,0.000585512807601
Male,65-75,145,68,0.0025706094372463
Male,65-75,145,146,0.0132065414849234
Male,65-75,145,150,0.011625481437401
Male,65-75,145,163,0.0104446015087015
Male,65-75,145,209,0.005691823827096
Male,65-75,145,222,0.0130015375081219
Male,65-75,145,250,0.005588406684987
Male,65-75,146,71,0.0053551674163926
Male,65-75,146,103,0.0022156768483511
Male,65-75,146,110,0.0062424227126164
Male,65-75,146,115,0.0028539440384394
Male,65-75,146,135,0.0033545346299788
Male,65-75,146,164,0.0121985098992208
Male,65-75,146,188,0.0018917341515476
Male,65-75,146,193,0.004342272640436
Male,65-75,146,196,0.0074654432178378
Male,65-75,146,324,0.0069020519095143
Male,65-75,148,150,0.0073447509024428
Male,65-75,148,158,0.0019295294806753
Male,65-75,148,265,0.0028587123642629
Male,65-75,148,284,0.0092520380936759
Male,65-75,148,285,0.0082953766964848
Male,65-75,148,286,0.0034741106540793
Male,65-75,148,287,0.0084117741174502
Male,65-75,148,288,0.0103261585408619
Male,65-75,148,299,0.012026595559779
Male,65-75,148,300,0.0048414280715239
Male,65-75,148,324,0.0037991019140949
Male,65-75,150,20,0.0118816338770466
Male,65-75,150,42,0.0064585964639823
Male,65-75,150,66,0.002274877202811
Male,65-75,150,80,0.0027912378307024
Male,65-75,150,86,0.0023537803932235
Male,65-75,150,97,0.0022844890063772
Male,65-75,150,124,0.0070736333537585
Male,65-75,150,143,0.0036440658903109
Male,65-75,150,148,0.0083023342408197
Male,65-75,150,182,0.0059981735842003
Male,65-75,150,192,0.0058065996500361
Male,65-75,150,220,0.003522069576343
Male,65-75,150,288,0.0099916571388399
Male,65-75,159,56,0.0049581384585523
Male,65-75,159,72,0.0067644518026463
Male,65-75,159,139,0.0099189529855613
Male,65-75,159,147,0.0026662349831258
Male,65-75,159,250,0.0055793755992704
Male,65-75,162,93,0.0084422133460654
Male,65-75,162,146,0.0179002410823546
Male,65-75,162,163,0.0107163732195427
Male,65-75,162,164,0.0353811692241357
Male,65-75,162,165,0.0052728473465682
Male,65-75,162,166,0.0105488268245555
Male,65-75,162,185,0.0018763790806536
Male,65-75,162,213,0.0025587586277381
Male,65-75,162,231,0.0032103207984998
Male,65-75,162,323,0.001850777847886
Male,65-75,163,56,0.0034985499575382
Male,65-75,163,97,0.0016145008580742
Male,65-75,163,162,0.0123158515746395
Male,65-75,163,164,0.0491677127140925
Male,65-75,163,166,0.0199030548797218
Male,65-75,163,245,0.003819264371293
Male,65-75,163,282,0.0069410031645514
Male,65-75,164,20,0.0051023199158621
Male,65-75,164,101,0.0021936984412197
Male,65-75,164,108,0.0017675947940069
Male,65-75,164,146,0.0073860947865617
Male,65-75,164,162,0.0125101040308402
Male,65-75,164,166,0.0069719182998973
Male,65-75,164,181,0.0056408645498801
Male,65-75,164,208,0.0047159128977247
Male,65-75,164,226,0.0050957776150404
Male,65-75,164,234,0.004469168410154
Male,65-75,164,288,0.0046835837783713
Male,65-75,165,2,0.0079751533163591
Male,65-75,165,29,0.0036251119333981
Male,65-75,165,170,0.0035575066898248
Male,65-75,165,183,0.0122218277365869
Male,65-75,165,188,0.0054934302650068
Male,65-75,165,192,0.0094422561363613
Male,65-75,165,196,0.0211267667807401
Male,65-75,165,208,0.0112474528910523
Male,65-75,165,212,0.0064554965606826
Male,65-75,165,270,0.0034341879267682
Male,65-75,165,306,0.0034895859118467
Male,65-75,165,287288,0.0052036153381648
Male,65-75,166,2,0.0035998339580733
Male,65-75,166,11,0.0017282515342564
Male,65-75,166,39,0.0034797273921287
Male,65-75,166,73,0.0031281013619807
Male,65-75,166,95,0.0049718115369381
Male,65-75,166,146,0.0073125553734347
Male,65-75,166,151,0.0020969395341278
Male,65-75,166,161,0.002095195027426
Male,65-75,166,167,0.0221111107264513
Male,65-75,166,181,0.0080974266654728
Male,65-75,166,196,0.0111199083734663
Male,65-75,166,197,0.0024816538144007
Male,65-75,166,198,0.0036021320594013
Male,65-75,166,199,0.0066313032629271
Male,65-75,166,201,0.0025180843689002
Male,65-75,166,205,0.0043052614982556
Male,65-75,166,226,0.0058184048007535
Male,65-75,166,234,0.0177179665543451
Male,65-75,166,235,0.0070126157243012
Male,65-75,166,239,0.0110301934972435
Male,65-75,166,240,0.0024725869546266
Male,65-75,166,272,0.0037455309572295
Male,65-75,166,361,0.0015966562785973
Male,65-75,167,2,0.0035844256044399
Male,65-75,167,26,0.002176757930375
Male,65-75,167,71,0.0035195543431741
Male,65-75,167,93,0.0038448937492187
Male,65-75,167,139,0.0033757114319441
Male,65-75,167,146,0.0089515354604224
Male,65-75,167,161,0.0012536304041254
Male,65-75,167,166,0.0176258188952993
Male,65-75,167,182,0.0038510695479184
Male,65-75,167,199,0.0040079153525489
Male,65-75,167,205,0.0034214664153819
Male,65-75,167,226,0.0048243373334034
Male,65-75,167,234,0.0050047535838764
Male,65-75,167,269,0.0029466507289489
Male,65-75,167,272,0.002687915596332
Male,65-75,167,338,0.0049295879927168
Male,65-75,168,74,0.0025188916173724
Male,65-75,168,112,0.0022207389143947
Male,65-75,168,113,0.0041341741008062
Male,65-75,168,146,0.0083467938899814
Male,65-75,168,148,0.0040044665155467
Male,65-75,168,157,0.0012688389008509
Male,65-75,168,162,0.0031991322371482
Male,65-75,168,164,0.0118135627054821
Male,65-75,168,166,0.0065742176030285
Male,65-75,168,181,0.007512974773713
Male,65-75,168,182,0.0031136219985311
Male,65-75,168,226,0.0041148899884422
Male,65-75,168,359,0.0020281091914943
Male,65-75,169,8,0.0012731279246284
Male,65-75,169,88,0.0012599353437396
Male,65-75,169,95,0.0051396599830111
Male,65-75,169,101,0.0043818657436866
Male,65-75,169,135,0.0044722362380717
Male,65-75,169,161,0.0037518227552235
Male,65-75,169,166,0.0155325392681539
Male,65-75,169,173,0.0034353859932089
Male,65-75,169,181,0.0124436560744365
Male,65-75,169,196,0.0092454386028201
Male,65-75,169,199,0.0062362124157066
Male,65-75,169,226,0.0094426046913988
Male,65-75,169,236,0.0027622581087505
Male,65-75,169,309,0.0016015899629974
Male,65-75,169,362,0.0018099823495999
Male,65-75,169,166167,0.0027139219565678
Male,65-75,171,61,0.0019241742506511
Male,65-75,171,73,0.0030867545993948
Male,65-75,171,86,0.0018887093072121
Male,65-75,171,99,0.0079432564326081
Male,65-75,171,101,0.0081167767051784
Male,65-75,171,112,0.0074104302801402
Male,65-75,171,113,0.0045882740674309
Male,65-75,171,177,0.0042247337488426
Male,65-75,171,178,0.0070440729163755
Male,65-75,171,179,0.0024339053976104
Male,65-75,171,182,0.005706196916732
Male,65-75,171,188,0.0030518452543157
Male,65-75,171,189,0.0060829472008953
Male,65-75,171,305,0.0027638214351978
Male,65-75,176,97,0.0016994938090127
Male,65-75,176,99,0.005450928321282
Male,65-75,176,112,0.0104519960271981
Male,65-75,176,113,0.0043025356485222
Male,65-75,176,116,0.0023931662304732
Male,65-75,176,135,0.0061363580696745
Male,65-75,176,146,0.0066663759673326
Male,65-75,176,153,0.00270421556666
Male,65-75,176,159,0.0040674742048843
Male,65-75,176,174,0.002519234069708
Male,65-75,176,177,0.0036206071755663
Male,65-75,176,178,0.0055134406245645
Male,65-75,176,179,0.0021333962388787
Male,65-75,176,181,0.0099558230747006
Male,65-75,176,239,0.0082502140870745
Male,65-75,176,242,0.0020309548663934
Male,65-75,176,264,0.0018249509012943
Male,65-75,177,142,0.0051950291152577
Male,65-75,177,178,0.0101655695489787
Male,65-75,177,268,0.0071492148612865
Male,65-75,178,13,0.0106363710786459
Male,65-75,178,108,0.0073246935378944
Male,65-75,178,135,0.0082942723604131
Male,65-75,178,143,0.0044635968876787
Male,65-75,178,151,0.004444259860299
Male,65-75,178,159,0.0082585056812772
Male,65-75,178,165,0.0113367077835586
Male,65-75,178,177,0.0114918463958301
Male,65-75,178,196,0.0204906080896499
Male,65-75,178,284,0.0176580648806895
Male,65-75,178,295,0.0087192271220983
Male,65-75,178,351,0.0049348141287408
Male,65-75,181,42,0.0013140909924465
Male,65-75,181,71,0.0036750876810495
Male,65-75,181,95,0.0034836960481879
Male,65-75,181,156,0.0012126586390506
Male,65-75,181,166,0.0125747961356935
Male,65-75,181,174,0.0021630805838797
Male,65-75,181,178,0.0031982830968613
Male,65-75,181,196,0.0065222304247282
Male,65-75,181,199,0.008966301698713
Male,65-75,181,205,0.0040390349061086
Male,65-75,181,226,0.0054550647539451
Male,65-75,181,234,0.0104360157833625
Male,65-75,181,250,0.0026823476726135
Male,65-75,181,272,0.0035054335908878
Male,65-75,181,287,0.0072834787968023
Male,65-75,181,288,0.0051976816993724
Male,65-75,181,291,0.0012667326318584
Male,65-75,181,339,0.0040168635931083
Male,65-75,182,118,0.0021493949407879
Male,65-75,182,170,0.0029908118845205
Male,65-75,182,299,0.0131447719998979
Male,65-75,182,305,0.0037174821661916
Male,65-75,183,13,0.0076229845591726
Male,65-75,183,32,0.0140353188742691
Male,65-75,183,182,0.0097469668143675
Male,65-75,183,184,0.002662320224868
Male,65-75,183,185,0.0017202602942216
Male,65-75,183,282,0.0062931223905451
Male,65-75,183,306,0.002366034912897
Male,65-75,183,348,0.0033972055388503
Male,65-75,189,140,0.0197753074123677
Male,65-75,189,190,0.0133778921189632
Male,65-75,189,270,0.0035503184774162
Male,65-75,189,289,0.0014558504618557
Male,65-75,189,290350,0.0014575442252092
Male,65-75,190,48,0.002504861053921
Male,65-75,190,122,0.0039162603620517
Male,65-75,190,189,0.0185520629372061
Male,65-75,190,192,0.0131384215568906
Male,65-75,190,231,0.0042083234342201
Male,65-75,190,285,0.0108931677493659
Male,65-75,190,312,0.0017862486758354
Male,65-75,190,341,0.0039218694686124
Male,65-75,190,346,0.0034073730830024
Male,65-75,192,145,0.0059165720810313
Male,65-75,192,146,0.0095720075724147
Male,65-75,192,150,0.0078767201904823
Male,65-75,192,189,0.0068104543314093
Male,65-75,192,190,0.0061559606889006
Male,65-75,192,198,0.0100114211994581
Male,65-75,192,295,0.0047106413583867
Male,65-75,192,306,0.0024048288551666
Male,65-75,192,323,0.0015195624706828
Male,65-75,192,324,0.008350752288209
Male,65-75,196,8,0.0011884308683463
Male,65-75,196,11,0.0018150109517455
Male,65-75,196,23,0.0104693517125979
Male,65-75,196,71,0.0071282435472093
Male,65-75,196,73,0.0038340712768352
Male,65-75,196,74,0.0021936676056766
Male,65-75,196,93,0.0040847928483091
Male,65-75,196,97,0.0014461832811765
Male,65-75,196,135,0.0051981366465481
Male,65-75,196,151,0.0021969569152819
Male,65-75,196,153,0.0027643863363083
Male,65-75,196,166,0.0116021204757317
Male,65-75,196,185,0.0012698797066484
Male,65-75,196,197,0.0052263211808175
Male,65-75,196,199,0.0134489920052971
Male,65-75,196,200,0.0033273363589637
Male,65-75,196,201,0.0048818375608995
Male,65-75,196,204,0.0017581924352617
Male,65-75,196,205,0.0066991469678853
Male,65-75,196,206,0.0026606690346866
Male,65-75,196,218,0.0022336908631969
Male,65-75,196,234,0.0067785958674879
Male,65-75,196,242,0.0018672627176177
Male,65-75,196,270,0.0017384166349403
Male,65-75,196,339,0.0044809368343268
Male,65-75,198,20,0.0151133003795875
Male,65-75,198,115,0.0053602100064552
Male,65-75,198,146,0.0148847512793679
Male,65-75,198,147,0.0028665970060142
Male,65-75,198,192,0.0193941207780218
Male,65-75,198,229,0.0055660273634672
Male,65-75,198,266,0.0097161000302973
Male,65-75,198,276,0.0028608298955591
Male,65-75,198,282,0.0085269068557638
Male,65-75,198,295,0.0061724240942349
Male,65-75,199,26,0.0035883914284475
Male,65-75,199,39,0.0043553084805396
Male,65-75,199,97,0.0021183809821778
Male,65-75,199,146,0.0096263111529918
Male,65-75,199,181,0.0186216535926685
Male,65-75,199,196,0.0248484206234176
Male,65-75,199,197,0.0054899091609408
Male,65-75,205,24,0.0072614486340467
Male,65-75,205,96,0.0068532893677163
Male,65-75,205,139,0.0110140223279938
Male,65-75,205,166,0.0321257224589768
Male,65-75,205,178,0.0076002648552932
Male,65-75,205,218,0.0044881034917432
Male,65-75,205,226,0.0157756120982908
Male,65-75,208,41,0.0018954384910643
Male,65-75,208,139,0.0068612191493258
Male,65-75,208,145,0.0053392500675217
Male,65-75,208,209,0.0057290788312738
Male,65-75,208,226,0.0082831459947293
Male,65-75,208,288,0.0090220774633531
Male,65-75,208,342,0.0024737530381734
Male,65-75,209,12,0.0033371677028222
Male,65-75,209,74,0.0043542302740556
Male,65-75,209,86,0.0053952092900046
Male,65-75,209,147,0.003394210259123
Male,65-75,209,222,0.0154653105233612
Male,65-75,209,223,0.0062716937764339
Male,65-75,212,25,0.0051916647416332
Male,65-75,212,40,0.0029219426427663
Male,65-75,212,138,0.0057236086610955
Male,65-75,212,166,0.0300373533647347
Male,65-75,212,177,0.0080006178474071
Male,65-75,212,184,0.0028677348891047
Male,65-75,212,197,0.0080933581044907
Male,65-75,212,213,0.008541442482064
Male,65-75,212,223,0.0138487026058196
Male,65-75,212,226,0.0199934707797667
Male,65-75,212,323,0.0028962484812233
Male,65-75,214,208,0.0044330055107821
Male,65-75,214,248,0.0014792700060113
Male,65-75,219,8,0.0028540742931154
Male,65-75,219,20,0.0169253971789877
Male,65-75,219,124,0.0130644572948692
Male,65-75,219,274,0.0062144153544086
Male,65-75,222,101,0.0042741776322596
Male,65-75,222,132,0.0069453671428141
Male,65-75,222,164,0.0137538285507387
Male,65-75,222,183,0.0045585397808272
Male,65-75,222,208,0.0077047956716658
Male,65-75,222,210,0.0025376601726462
Male,65-75,222,214,0.0091931529668392
Male,65-75,222,220,0.0022703393411875
Male,65-75,222,223,0.0052607108002768
Male,65-75,222,230,0.0052254747950416
Male,65-75,222,266,0.0049028730503771
Male,65-75,222,275,0.0022256502881389
Male,65-75,222,290,0.0040792565724789
Male,65-75,222,368,0.0015013157812139
Male,65-75,223,136,0.0058645577707574
Male,65-75,223,157,0.0059715967871705
Male,65-75,223,159,0.0103920526919211
Male,65-75,223,198,0.0103911748636388
Male,65-75,223,212,0.0080392994075687
Male,65-75,223,357,0.0085810239402112
Male,65-75,226,11,0.0033233859670025
Male,65-75,226,21,0.002075886337111
Male,65-75,226,41,0.0020430777442121
Male,65-75,226,74,0.0024615863546106
Male,65-75,226,153,0.0034939300920858
Male,65-75,226,166,0.0076084646401604
Male,65-75,226,206,0.0030367015255542
Male,65-75,226,219,0.0037919144675639
Male,65-75,226,282,0.0053986630497236
Male,65-75,226,286,0.0023923707441161
Male,65-75,226,291,0.0014911160374905
Male,65-75,226,100353,0.0019886010592637
Male,65-75,230,214,0.0129554679252066
Male,65-75,230,231,0.0059272549776527
Male,65-75,234,2,0.009053948968844
Male,65-75,234,22,0.0015659820727557
Male,65-75,234,47,0.0026943051911436
Male,65-75,234,55,0.0036599781095181
Male,65-75,234,71,0.0083096897101098
Male,65-75,234,72,0.0072788808995771
Male,65-75,234,78,0.0015740204763335
Male,65-75,234,91,0.0038986800525198
Male,65-75,234,110,0.0049765865459717
Male,65-75,234,166,0.0163906329742083
Male,65-75,234,183,0.0058178424251847
Male,65-75,234,196,0.0115612204456611
Male,65-75,234,204,0.0026527247368573
Male,65-75,234,236,0.0041746589528194
Male,65-75,234,239,0.00802344927398
Male,65-75,234,267,0.0025384116543424
Male,65-75,234,269,0.0054024678860683
Male,65-75,234,272,0.0040795749658428
Male,65-75,234,282,0.011449210198187
Male,65-75,234,339,0.0048614098603376
Male,65-75,235,2,0.025154979807943
Male,65-75,235,95,0.0074274388920256
Male,65-75,235,166,0.0194296441783325
Male,65-75,235,180,0.004609657464455
Male,65-75,235,196,0.0201482374119663
Male,65-75,235,213,0.0065766157029323
Male,65-75,235,234,0.0330377523680683
Male,65-75,235,236,0.007818830180382
Male,65-75,235,263,0.0044299202237579
Male,65-75,235,282,0.0099485878798128
Male,65-75,235,340,0.0023084744562169
Male,65-75,236,11,0.0149133931953851
Male,65-75,236,34,0.0024561880723272
Male,65-75,236,80,0.0045053337841325
Male,65-75,236,156,0.0048629660256269
Male,65-75,236,163,0.0152826109553312
Male,65-75,236,185,0.00239570937216
Male,65-75,236,198,0.0083537176356875
Male,65-75,236,218,0.006815717276579
Male,65-75,236,232,0.0098591750020995
Male,65-75,236,234,0.0195627080659886
Male,65-75,236,332,0.0072919730934243
Male,65-75,239,2,0.0104458930079139
Male,65-75,239,11,0.0023544275242743
Male,65-75,239,153,0.0045473872860662
Male,65-75,239,222,0.0070911865302264
Male,65-75,239,240,0.0044978822374515
Male,65-75,239,250,0.0032639392133796
Male,65-75,239,269,0.0027089392334466
Male,65-75,239,291,0.0016733870600098
Male,65-75,240,67,0.0045695635933852
Male,65-75,240,226,0.0181523474173545
Male,65-75,240,248,0.0045311943698067
Male,65-75,240,303,0.008208862407172
Male,65-75,240,341,0.0063533672448292
Male,65-75,241,164,0.0293734667827307
Male,65-75,241,208,0.0137482362918641
Male,65-75,241,233,0.0057585307622776
Male,65-75,241,236,0.0120799028609675
Male,65-75,241,162164,0.0054305705064424
Male,65-75,244,148,0.0135771678649613
Male,65-75,244,156,0.0038438165429009
Male,65-75,244,267,0.0056668932210353
Male,65-75,246,248,0.0071488040798937
Male,65-75,249,2,0.0144827106599133
Male,65-75,249,158,0.0047919872724139
Male,65-75,249,170,0.0047094915596375
Male,65-75,249,240,0.0082491774967701
Male,65-75,249,269,0.0063031000881166
Male,65-75,250,57,0.0030898549027845
Male,65-75,250,74,0.0042767183540372
Male,65-75,250,80,0.0043791204211908
Male,65-75,250,95,0.0055547131541962
Male,65-75,250,150,0.0097655945944487
Male,65-75,250,174,0.0044023145255689
Male,65-75,250,185,0.0049031505325207
Male,65-75,250,249,0.00702460750507
Male,65-75,250,273,0.0067442203009523
Male,65-75,250,363,0.0030568118923103
Male,65-75,266,41,0.0018693343237276
Male,65-75,266,59,0.0013079405515531
Male,65-75,266,95,0.003528449431103
Male,65-75,266,263,0.0023959717999897
Male,65-75,266,267,0.0023532175579937
Male,65-75,266,268,0.0040018712483658
Male,65-75,266,269,0.0037933911217784
Male,65-75,266,273,0.0048804808802521
Male,65-75,266,276,0.0018354390431906
Male,65-75,266,288,0.0087480296796281
Male,65-75,266,305,0.0028045569639508
Male,65-75,268,2,0.0110751873040707
Male,65-75,268,11,0.0050189296317142
Male,65-75,268,13,0.012448510643871
Male,65-75,268,148,0.0157758912055713
Male,65-75,268,157,0.0027795241455246
Male,65-75,268,163,0.0182832060686577
Male,65-75,268,174,0.0080721831187411
Male,65-75,268,206,0.0053307012966726
Male,65-75,268,220,0.0080950765048398
Male,65-75,268,266,0.0161649272783953
Male,65-75,268,282,0.0145785064456921
Male,65-75,268,332,0.0053522721138405
Male,65-75,268,339,0.0119757142900565
Male,65-75,268,290350,0.0028366748999356
Male,65-75,269,2,0.0136721158553795
Male,65-75,269,22,0.0043110758632445
Male,65-75,269,73,0.0193029132457699
Male,65-75,269,93,0.0110370440074233
Male,65-75,269,101,0.0115203390230029
Male,65-75,269,166,0.0269172706310485
Male,65-75,269,209,0.0076361889259887
Male,65-75,269,210,0.011083421096674
Male,65-75,269,266,0.0115392629106814
Male,65-75,269,270,0.0037208784659732
Male,65-75,269,272,0.0083078343378866
Male,65-75,269,282,0.0122824433299162
Male,65-75,269,303,0.0075997598952415
Male,65-75,269,309,0.0063438714429185
Male,65-75,272,2,0.0131602083494556
Male,65-75,272,13,0.013196508209667
Male,65-75,272,73,0.0077796608183264
Male,65-75,272,95,0.0059720593350766
Male,65-75,272,150,0.0101292960076459
Male,65-75,272,183,0.0216836145897919
Male,65-75,272,236,0.0050235463765316
Male,65-75,272,268,0.0050624028976308
Male,65-75,272,270,0.0054924874640483
Male,65-75,272,282,0.0083794236333705
Male,65-75,272,368,0.0028687728143678
Male,65-75,273,42,0.0033100735948599
Male,65-75,273,78,0.0035925395686631
Male,65-75,273,128,0.0052768288466665
Male,65-75,273,139,0.0100212467733
Male,65-75,273,170,0.003379071796448
Male,65-75,273,211,0.0034424301815952
Male,65-75,273,286,0.0051670435251578
Male,65-75,273,295,0.0081412013217147
Male,65-75,273,297,0.0048893656952678
Male,65-75,274,12,0.0033928940803512
Male,65-75,274,123,0.0064559323053241
Male,65-75,274,275,0.0106803722751565
Male,65-75,274,286,0.0051239017472441
Male,65-75,274,365,0.003520052941782
Male,65-75,279,57,0.0026251391031416
Male,65-75,279,61,0.0026916381915137
Male,65-75,279,68,0.0025462506186292
Male,65-75,279,148,0.0104477711575982
Male,65-75,279,196,0.0138237644937453
Male,65-75,279,201,0.0046059682263801
Male,65-75,279,239,0.0141802996878894
Male,65-75,279,267,0.0037990413429059
Male,65-75,279,269,0.0059616048555485
Male,65-75,279,271,0.0027341763267473
Male,65-75,279,338359,0.0026468007380914
Male,65-75,282,12,0.0061293750495578
Male,65-75,282,41,0.0022821667107039
Male,65-75,282,68,0.0022118292368832
Male,65-75,282,78,0.0022538246879636
Male,65-75,282,96,0.0032955402105042
Male,65-75,282,150,0.0113827361665633
Male,65-75,282,166,0.0148156646564223
Male,65-75,282,234,0.019402284660948
Male,65-75,282,266,0.0098772138881415
Male,65-75,282,268,0.0066251947572663
Male,65-75,282,274,0.0064337534101062
Male,65-75,282,279,0.0058480475982085
Male,65-75,282,312,0.0024089748874943
Male,65-75,284,126,0.0029305314859293
Male,65-75,284,148,0.0079344677648617
Male,65-75,284,191,0.0012643141741963
Male,65-75,284,279,0.0039052281833587
Male,65-75,284,285,0.0084808654703491
Male,65-75,284,286,0.003352481481511
Male,65-75,284,299,0.0090122507422606
Male,65-75,284,309,0.0018277907981468
Male,65-75,284,371,0.0080622330714494
Male,65-75,284,287288,0.0020836238515574
Male,65-75,285,183,0.0050912795568999
Male,65-75,285,284,0.0090037420588739
Male,65-75,285,287,0.0061461056714577
Male,65-75,285,293,0.0014633620293847
Male,65-75,285,299,0.0060801374361846
Male,65-75,285,371,0.0026895218372861
Male,65-75,287,32,0.0239265135656957
Male,65-75,287,61,0.0015130431242848
Male,65-75,287,146,0.0097257610199024
Male,65-75,287,148,0.0098059272795916
Male,65-75,287,164,0.0135588199551593
Male,65-75,287,184,0.0015769648249227
Male,65-75,287,234,0.0078634499340097
Male,65-75,287,284,0.0102136139121786
Male,65-75,287,285,0.0088134829618011
Male,65-75,287,286,0.0021894221823731
Male,65-75,287,288,0.049301756886241
Male,65-75,287,289,0.0016115793715502
Male,65-75,287,305,0.0027082133565896
Male,65-75,287,306,0.0026060785030618
Male,65-75,287,361,0.0014535600015231
Male,65-75,287,371,0.003693923996115
Male,65-75,288,148,0.0111690362813548
Male,65-75,288,151,0.0018109802358879
Male,65-75,288,158,0.0015990513200808
Male,65-75,288,189,0.0061494651896376
Male,65-75,288,222,0.0066243453616987
Male,65-75,288,284,0.0105950991005057
Male,65-75,288,285,0.0074125589579054
Male,65-75,288,287,0.0191872999613233
Male,65-75,288,297,0.0031278065623739
Male,65-75,288,299,0.0070885442914086
Male,65-75,288,306,0.0025304819839749
Male,65-75,288,352,0.0010319119879141
Male,65-75,288,371,0.0032772987550106
Male,65-75,290,42,0.003079603877689
Male,65-75,290,47,0.0047598211054922
Male,65-75,290,56,0.0059862440442272
Male,65-75,290,150,0.0136992655744795
Male,65-75,290,269,0.0056173589620441
Male,65-75,290,345,0.0072347115559394
Male,65-75,292,45,0.0051139689396751
Male,65-75,292,279,0.0059318347612195
Male,65-75,292,285,0.0385225368400696
Male,65-75,292,293,0.0028233497872541
Male,65-75,292,299,0.0110445274946186
Male,65-75,292,323,0.0019968429247698
Male,65-75,295,39,0.0099558993030286
Male,65-75,295,42,0.0053155844505048
Male,65-75,295,97,0.0035849252659295
Male,65-75,295,115,0.0049127208543114
Male,65-75,295,123,0.0064464756480127
Male,65-75,295,151,0.0051262971720573
Male,65-75,295,158,0.003476513236978
Male,65-75,295,201,0.0065505798979031
Male,65-75,295,206,0.0052413682106878
Male,65-75,295,226,0.0149173536758476
Male,65-75,295,264,0.0036981597482972
Male,65-75,295,270,0.0034087189073739
Male,65-75,295,297,0.004913610273549
Male,65-75,295,299,0.0149045495344328
Male,65-75,297,159,0.0098213464038998
Male,65-75,297,217,0.0054752403257577
Male,65-75,297,273,0.0101844104806395
Male,65-75,297,338364,0.0078117482613107
Male,65-75,299,145,0.0035980587959293
Male,65-75,299,148,0.0087156504580791
Male,65-75,299,284,0.0108391659215346
Male,65-75,299,285,0.0090233488245896
Male,65-75,299,287,0.0080101773360245
Male,65-75,299,288,0.0127402370667371
Male,65-75,299,295,0.0031813323385427
Male,65-75,299,303,0.0048601291842851
Male,65-75,299,312,0.0021735286526208
Male,65-75,300,61,0.0036715879745083
Male,65-75,300,207,0.0071547068268314
Male,65-75,300,244,0.0085853431299386
Male,65-75,300,270,0.003489894680305
Male,65-75,300,275,0.0049695918005484
Male,65-75,300,276,0.0036055609542241
Male,65-75,300,287,0.0141944286855394
Male,65-75,300,292,0.0075648012255824
Male,65-75,300,309,0.0056069065960967
Male,65-75,300,330,0.0035441541701431
Male,65-75,303,25,0.0033575798199348
Male,65-75,303,80,0.0050720488137035
Male,65-75,303,101,0.009162405066652
Male,65-75,303,150,0.0131002999787021
Male,65-75,303,305,0.0048978734227986
Male,65-75,303,359,0.0063193250215638
Male,65-75,303,371,0.0098245943179562
Male,65-75,324,142,0.0035274673474609
Male,65-75,324,145,0.0153086269542502
Male,65-75,324,164,0.0237572234556823
Male,65-75,324,190,0.0086148828602972
Male,65-75,324,192,0.0161442070259917
Male,65-75,324,266,0.0109555413356754
Male,65-75,324,323,0.0056313429866644
Male,65-75,324,361,0.0036375598660035
Male,65-75,338,174,0.0038563966333211
Male,65-75,338,339,0.0082501701445327
Male,65-75,338,341,0.0061735018044648
Male,65-75,338,361,0.0045344583713019
Male,65-75,338,364,0.0141122876959545
Male,65-75,339,12,0.003952539453727
Male,65-75,339,52,0.0078113522465888
Male,65-75,339,112,0.0109376555423492
Male,65-75,339,137,0.0074296225630464
Male,65-75,339,317,0.0049409905305223
Male,65-75,341,78,0.0120608144480605
Male,65-75,341,113,0.0136702499200812
Male,65-75,341,138,0.0056675239527907
Male,65-75,341,143,0.0054714707707086
Male,65-75,341,153,0.0109765033774088
Male,65-75,341,157,0.0028324031159992
Male,65-75,341,205,0.0098832064024127
Male,65-75,341,290,0.0132011647148697
Male,65-75,341,352,0.0029198809180039
Male,65-75,345,290,0.023741147876163
Male,65-75,345,317,0.0095767398752484
Male,65-75,345,339,0.0114939785346681
Male,65-75,345,350,0.0087282292596711
Male,65-75,350,66,0.0026310272800235
Male,65-75,350,290,0.0383640736157822
Male,65-75,350,317,0.0046748457646804
Male,65-75,350,368,0.0025433947420168
Male,65-75,353,11,0.0038950729935167
Male,65-75,353,188,0.0042295196329615
Male,65-75,353,290,0.0440164303099468
Male,65-75,353,309,0.0060061406794898
Male,65-75,353,317,0.0152479266887276
Male,65-75,353,362,0.003004062858178
Male,65-75,353,371,0.0081489324553761
Male,65-75,359,213,0.0041252387225229
Male,65-75,359,232,0.004125460883465
Male,65-75,359,270,0.0041647696369052
Male,65-75,359,317,0.005741727741134
Male,65-75,359,342,0.0064820105532121
Male,65-75,359,346,0.0064650918653829
Male,65-75,359,368,0.0042493248854577
Male,65-75,360,74,0.0103685518202419
Male,65-75,360,112,0.0092922446364245
Male,65-75,360,184,0.0026155322335008
Male,65-75,360,267,0.0051064936786611
Male,65-75,360,290,0.0529693049326929
Male,65-75,360,351,0.0053773698638511
Male,65-75,364,22,0.0015089126667602
Male,65-75,364,153,0.0028300033837365
Male,65-75,364,158,0.0018661326903278
Male,65-75,364,249,0.0031334075147772
Male,65-75,364,360,0.0028505794119624
Male,65-75,364,362,0.0011495950675334
Male,65-75,371,177,0.006334976516367
Male,65-75,371,188,0.0044596375906613
Male,65-75,371,242,0.0046501982518542
Male,65-75,371,288,0.0166832051179391
Male,65-75,371,100353,0.0047024000337285
Male,65-75,162163,46,0.0201355894390301
Male,65-75,162163,164,0.0444558573201142
Male,65-75,162163,166,0.0227321534466204
Male,65-75,162163,240,0.0160084598756336
Male,65-75,162163,241,0.0057975345199682
Male,65-75,162164,86,0.0037299809286323
Male,65-75,162164,95,0.0063459354480619
Male,65-75,162164,161,0.0037144349234457
Male,65-75,162164,166,0.0156753023411959
Male,65-75,162164,226,0.0153606034291927
Male,65-75,162164,233,0.0051662848559974
Male,65-75,162164,274,0.0065286175368987
Male,65-75,338364,59,0.0024589399813559
Male,65-75,338364,74,0.0066150129353758
Male,65-75,338364,143,0.0045893687962673
Male,65-75,338364,153,0.0064880858075243
Male,65-75,338364,217,0.0048217319319785
Male,65-75,338364,339,0.0124785343820617
Male,65-75,338364,368,0.0048856384152432
Female,76+,5,112,0.0166286192846084
Female,76+,5,132,0.0330295688089991
Female,76+,5,288,0.0310493520727854
Female,76+,5,305,0.0168255467877995
Female,76+,13,101,0.0191252568509438
Female,76+,13,137,0.0206935028610983
Female,76+,13,139,0.0294247911969913
Female,76+,13,214,0.0201243041532165
Female,76+,13,219,0.0207887695302911
Female,76+,13,272,0.0288817076882964
Female,76+,18,20,0.0405641762817391
Female,76+,18,100,0.0265542310948395
Female,76+,18,148,0.0225758781554016
Female,76+,18,171,0.028012397070561
Female,76+,20,145,0.0152257991762294
Female,76+,20,150,0.0154357220690718
Female,76+,20,266,0.0225586913979907
Female,76+,20,272,0.0236166711759526
Female,76+,23,274,0.0130376098728875
Female,76+,23,300,0.0129473282280854
Female,76+,28,168,0.0341732342621676
Female,76+,28,205,0.0127213799358789
Female,76+,28,209,0.0087923268310109
Female,76+,28,223,0.008738799236593
Female,76+,29,113,0.0171758327746466
Female,76+,29,234,0.0335769079667396
Female,76+,29,259,0.0174077610789872
Female,76+,35,39,0.0159915753131683
Female,76+,35,183,0.0468279831042012
Female,76+,35,205,0.0323026243386896
Female,76+,35,305,0.0161930215928981
Female,76+,43,174,0.0042501496223419
Female,76+,46,150,0.0099184627405173
Female,76+,46,273,0.0107084046366862
Female,76+,56,197,0.0174218700649529
Female,76+,56,209,0.017522576211489
Female,76+,71,73,0.0206364976920995
Female,76+,71,234,0.0228944460131191
Female,76+,72,100,0.0272134877699492
Female,76+,72,110,0.0123710544905349
Female,76+,72,162,0.0124063621822011
Female,76+,72,357,0.0125684327237918
Female,76+,73,71,0.0401303960711657
Female,76+,73,181,0.0493741123556493
Female,76+,73,259,0.0261055327049759
Female,76+,73,272,0.0232404004579045
Female,76+,77,95,0.0261537393629853
Female,76+,77,135,0.0265874284072087
Female,76+,77,168,0.0558153997187588
Female,76+,77,209,0.0130997228731546
Female,76+,93,239,0.0210312932488048
Female,76+,95,73,0.0278108199770591
Female,76+,95,116,0.013670491789611
Female,76+,95,223,0.0139133735023037
Female,76+,99,353,0.0289545381136218
Female,76+,100,56,0.0063213346617976
Female,76+,101,339,0.0312384522958273
Female,76+,108,2,0.0272130261261559
Female,76+,108,99,0.0669446972481426
Female,76+,108,139,0.0280916632101263
Female,76+,108,272,0.0279240681136548
Female,76+,108,348,0.028796948896259
Female,76+,110,101,0.0150579772005216
Female,76+,110,119,0.0226329751346282
Female,76+,110,171,0.0366935221244291
Female,76+,112,173,0.0208711465431438
Female,76+,113,360,0.0239021767632251
Female,76+,114,56,0.0025849772287907
Female,76+,114,130,0.0127447595022861
Female,76+,116,305,0.0142858806922821
Female,76+,117,18,0.0150418733313106
Female,76+,117,165,0.0158011728410713
Female,76+,117,287,0.0214771980112019
Female,76+,117,288,0.021123706926872
Female,76+,119,120,0.0177871996514674
Female,76+,119,132,0.0137324403017462
Female,76+,119,274,0.0072081313041024
Female,76+,120,23,0.0112518801952224
Female,76+,120,117,0.0232976377723936
Female,76+,120,119,0.02743609884974
Female,76+,120,122,0.0111155691303309
Female,76+,120,208,0.0157868783325529
Female,76+,120,266,0.0207512461927571
Female,76+,120,341,0.0107835205025688
Female,76+,122,117,0.0222118101100452
Female,76+,122,119,0.0319790476275423
Female,76+,122,164,0.0479634830458895
Female,76+,122,345,0.0293836624895749
Female,76+,123,119,0.0281420217071374
Female,76+,123,132,0.0297773343524135
Female,76+,124,77,0.0062764777140123
Female,76+,124,120,0.0119061300823929
Female,76+,124,145,0.013019150950014
Female,76+,124,150,0.0103597725536999
Female,76+,124,300,0.0089011029435662
Female,76+,126,130,0.0472950876463539
Female,76+,126,131,0.0281146370848419
Female,76+,126,269,0.0292362656762377
Female,76+,126,291,0.0209364000069338
Female,76+,127,29,0.0164177833089694
Female,76+,127,101,0.0156369031634069
Female,76+,127,130,0.044331088283105
Female,76+,127,135,0.0163268349164317
Female,76+,130,126,0.0047760014560852
Female,76+,130,181,0.0113916615973868
Female,76+,131,20,0.0083414638483132
Female,76+,131,223,0.0088284209542824
Female,76+,132,77,0.0095121753597117
Female,76+,132,182,0.0189941576131552
Female,76+,132,290,0.0237063432281369
Female,76+,137,290,0.0227207053194037
Female,76+,139,127,0.0115978381349215
Female,76+,139,182,0.0108244266222736
Female,76+,139,189,0.017836419785119
Female,76+,145,119,0.035321412780062
Female,76+,148,239,0.0175201684005807
Female,76+,148,166167,0.0076915666583539
Female,76+,150,73,0.0139117989191598
Female,76+,150,122,0.0146566248440226
Female,76+,150,357,0.0145078121808356
Female,76+,153,272,0.0273826625962089
Female,76+,159,153,0.0137837368137097
Female,76+,159,226,0.0248989850026953
Female,76+,159,234,0.0255778082081924
Female,76+,159,348,0.0129908609822704
Female,76+,162,72,0.0160764007538937
Female,76+,162,159,0.0160112079646344
Female,76+,162,166,0.0444287091084063
Female,76+,162,171,0.0296728874718945
Female,76+,163,162,0.0134567587488841
Female,76+,163,164,0.0467011342333281
Female,76+,163,166,0.0320371563520795
Female,76+,163,181,0.0190979628013557
Female,76+,163,226,0.0179310078474503
Female,76+,164,93,0.0078032470821693
Female,76+,164,150,0.0066631428691249
Female,76+,164,162,0.0044564942176892
Female,76+,164,189,0.0077921229073429
Female,76+,164,214,0.0048360910036257
Female,76+,164,303,0.0053374083490898
Female,76+,165,199,0.0221617254713781
Female,76+,165,342,0.0333619948369534
Female,76+,166,71,0.0051385868277073
Female,76+,166,167,0.0257431378089646
Female,76+,166,181,0.0117998448211908
Female,76+,166,220,0.0038344684656843
Female,76+,166,234,0.0149015151640818
Female,76+,166,235,0.009692490025966
Female,76+,166,259,0.0054424270472285
Female,76+,166,371,0.0057771028400055
Female,76+,167,162,0.0048215274675635
Female,76+,167,166,0.0277634648866671
Female,76+,167,169,0.0129584697829926
Female,76+,167,205,0.0065760548064322
Female,76+,169,163,0.0107192231440252
Female,76+,169,166,0.0305660233882723
Female,76+,169,182,0.0101759600665478
Female,76+,169,288,0.0115743195834753
Female,76+,171,113,0.0138875038808459
Female,76+,176,196,0.0161971198985236
Female,76+,176,354,0.0065670079340681
Female,76+,178,72,0.0272974848293041
Female,76+,178,113,0.0273970952828207
Female,76+,178,300,0.0133246018790204
Female,76+,181,11,0.005803817222601
Female,76+,181,71,0.0093499313818826
Female,76+,181,220,0.0075054204388532
Female,76+,181,305,0.0056923316796288
Female,76+,182,29,0.0138355280221152
Female,76+,182,113,0.0138778951738188
Female,76+,182,120,0.0203511018514049
Female,76+,182,124,0.0324817683925524
Female,76+,182,126,0.0222082214679345
Female,76+,182,269,0.0197348533679759
Female,76+,183,182,0.0160964923736489
Female,76+,183,199,0.0120626612809154
Female,76+,183,299,0.0116693322565883
Female,76+,183,338364,0.011446170635348
Female,76+,189,124,0.0172997017356696
Female,76+,189,167,0.0285366521530426
Female,76+,189,190,0.010071627991976
Female,76+,190,119,0.0230522659157954
Female,76+,190,189,0.0359749700082864
Female,76+,190,223,0.0188926425430434
Female,76+,190,284,0.0303598080870361
Female,76+,192,197,0.0163718374243326
Female,76+,192,223,0.0163625953848754
Female,76+,196,197,0.0080446428831556
Female,76+,196,198,0.0062547924344449
Female,76+,196,220,0.0059677850877137
Female,76+,198,124,0.0320646854761167
Female,76+,198,153,0.0172644636397033
Female,76+,198,205,0.0168620479528529
Female,76+,198,300,0.0179838877917014
Female,76+,199,71,0.0147004789249984
Female,76+,199,73,0.0093527777555617
Female,76+,199,101,0.0149834315151401
Female,76+,199,197,0.0093260833661655
Female,76+,199,282,0.0100491558732624
Female,76+,205,139,0.0486009830629961
Female,76+,208,20,0.0095304791794105
Female,76+,208,39,0.0100450242449522
Female,76+,208,132,0.0149629488490424
Female,76+,208,169,0.0304676098525136
Female,76+,208,205,0.0144608322584653
Female,76+,208,209,0.0101536203081226
Female,76+,208,218,0.0103448400442061
Female,76+,208,234,0.028660072933423
Female,76+,208,253,0.0144618768774579
Female,76+,208,266,0.0187265546283859
Female,76+,208,268,0.0161197265457965
Female,76+,208,350,0.0250631527653971
Female,76+,208,166167,0.0100809072256104
Female,76+,209,20,0.0158039110742113
Female,76+,209,39,0.016315611765822
Female,76+,209,205,0.0321996757336174
Female,76+,209,230,0.0317021412471539
Female,76+,209,303,0.0164050644821946
Female,76+,209,346,0.0168847514239881
Female,76+,212,199,0.0231716749107179
Female,76+,212,371,0.022720456560166
Female,76+,214,120,0.0219933553080471
Female,76+,214,168,0.0469369749280963
Female,76+,214,205,0.0219254952581763
Female,76+,218,73,0.0211666906961059
Female,76+,218,220,0.0319036891638099
Female,76+,218,354,0.0205114900999571
Female,76+,219,20,0.0267748202639321
Female,76+,219,135,0.0266946621888559
Female,76+,219,137,0.0276973362156343
Female,76+,219,357,0.0274880671743359
Female,76+,220,119,0.0245757102803268
Female,76+,220,268,0.0280951836898154
Female,76+,220,272,0.0260934137014298
Female,76+,222,77,0.0060839762150499
Female,76+,222,117,0.0107065022119649
Female,76+,222,219,0.0111184649633898
Female,76+,222,305,0.0061704639629005
Female,76+,222,371,0.0091537213824963
Female,76+,226,93,0.0147781289988004
Female,76+,226,222,0.0170962297516586
Female,76+,230,176,0.0286828104775071
Female,76+,230,209,0.0078974569468597
Female,76+,230,223,0.0130658744719514
Female,76+,230,360,0.0192619925068774
Female,76+,230,338364,0.0154224583593859
Female,76+,234,166,0.0313954704954919
Female,76+,234,220,0.008004530249171
Female,76+,234,282,0.0085668506562894
Female,76+,235,169,0.0360031541750155
Female,76+,239,2,0.0125099548123417
Female,76+,239,101,0.0085232845962405
Female,76+,239,153,0.0094022869158888
Female,76+,239,255,0.0164105981091892
Female,76+,253,35,0.0177988822571658
Female,76+,253,95,0.0168338266899491
Female,76+,253,150,0.0172517114151158
Female,76+,253,341,0.0179466363911485
Female,76+,255,174,0.0078644765288136
Female,76+,255,209,0.0079586189481724
Female,76+,255,239,0.0397414378869376
Female,76+,255,287,0.0228458121557409
Female,76+,255,300,0.0079552949747589
Female,76+,259,165,0.0141166536163516
Female,76+,259,168,0.0381642892478473
Female,76+,259,174,0.0142703619660163
Female,76+,266,14,0.0107811536909674
Female,76+,266,182,0.0097977965520775
Female,76+,266,223,0.0071286681940093
Female,76+,266,239,0.0233173341482348
Female,76+,266,273,0.0108991563444562
Female,76+,268,145,0.0182287956883654
Female,76+,268,291,0.0190718234599795
Female,76+,268,371,0.0175271074314676
Female,76+,268,338364,0.0273300942565453
Female,76+,269,2,0.0157648479396628
Female,76+,269,95,0.0110239630400969
Female,76+,269,153,0.0086259488703034
Female,76+,269,166,0.0256109722685333
Female,76+,269,196,0.025989141897003
Female,76+,269,272,0.0197643942389987
Female,76+,272,2,0.0190756939225431
Female,76+,272,13,0.0219556410317562
Female,76+,272,39,0.0107548174810025
Female,76+,272,166,0.0338810834724924
Female,76+,272,197,0.0105946097361284
Female,76+,272,209,0.0109536644327431
Female,76+,273,120,0.0183326413322115
Female,76+,273,253,0.018855794018975
Female,76+,279,124,0.0263563899901032
Female,76+,279,359,0.0207604933316029
Female,76+,282,100,0.0469303649397557
Female,76+,282,101,0.0253554315421273
Female,76+,282,166,0.0520372162723963
Female,76+,282,226,0.0366340657076682
Female,76+,282,364,0.0530309600455149
Female,76+,284,287,0.0086339767397652
Female,76+,284,371,0.0075462690677874
Female,76+,285,56,0.0058524206919478
Female,76+,285,182,0.0097419478123306
Female,76+,285,198,0.008906140423442
Female,76+,285,282,0.0056954193146586
Female,76+,286,13,0.0270287044321203
Female,76+,286,20,0.0273790472245001
Female,76+,286,95,0.0274799238153217
Female,76+,286,131,0.0544918879371111
Female,76+,286,174,0.0138395576712716
Female,76+,286,208,0.0268256983046703
Female,76+,286,253,0.0569531970992608
Female,76+,286,300,0.0137049193652033
Female,76+,287,284,0.0348281381171243
Female,76+,287,285,0.0272314487434609
Female,76+,287,288,0.0218724820803365
Female,76+,287,338364,0.0118579809339983
Female,76+,288,23,0.0098932398125345
Female,76+,288,148,0.0170009546755349
Female,76+,288,190,0.0133037578095884
Female,76+,288,198,0.0094775936635703
Female,76+,288,222,0.0227254888660685
Female,76+,288,255,0.0148035034638479
Female,76+,288,287,0.014488187849495
Female,76+,290,101,0.0098011190021617
Female,76+,290,209,0.007041613146245
Female,76+,290,226,0.0181331031079781
Female,76+,290,342,0.018775405881375
Female,76+,291,110,0.0244558610556007
Female,76+,291,196,0.0421925981806506
Female,76+,291,341,0.0509736090551272
Female,76+,295,13,0.0226578802368531
Female,76+,295,46,0.0321551094409001
Female,76+,295,124,0.0555002023166089
Female,76+,295,287,0.0328239487908987
Female,76+,297,171,0.0646560163572838
Female,76+,297,218,0.0165848802058803
Female,76+,297,219,0.0163233654443293
Female,76+,297,285,0.0430158882703844
Female,76+,297,291,0.0165547716155327
Female,76+,297,371,0.0325902558810378
Female,76+,299,18,0.012849406357343
Female,76+,299,116,0.0088005015262565
Female,76+,299,148,0.0194276437601198
Female,76+,299,163,0.0198746550449074
Female,76+,299,169,0.0252477904995694
Female,76+,299,182,0.016961115663425
Female,76+,299,197,0.0089756832316466
Female,76+,299,219,0.0087421568853985
Female,76+,299,234,0.0246780905687037
Female,76+,299,274,0.0089392250437787
Female,76+,299,279,0.0136982849320804
Female,76+,299,285,0.025013635881722
Female,76+,300,28,0.0306085638348207
Female,76+,300,288,0.0289651778960247
Female,76+,300,360,0.0299600124006192
Female,76+,303,43,0.0511505881229395
Female,76+,303,44,0.0407897185215103
Female,76+,303,73,0.0233969710028756
Female,76+,303,95,0.0234081460113745
Female,76+,303,162,0.0361526367510646
Female,76+,303,266,0.0337025811641965
Female,76+,305,288,0.0338349020850086
Female,76+,317,300,0.0124364650420158
Female,76+,317,100353,0.0239940583897792
Female,76+,338,11,0.0058501772400419
Female,76+,338,99,0.0190381169633377
Female,76+,338,174,0.0058698182330966
Female,76+,339,173,0.0149766288903635
Female,76+,339,338,0.0186132267426615
Female,76+,339,359,0.0225888193442497
Female,76+,341,95,0.0292157606333785
Female,76+,341,116,0.0145824024018724
Female,76+,341,182,0.0293461628210917
Female,76+,341,189,0.0435061653919831
Female,76+,341,282,0.0301738293245145
Female,76+,341,291,0.0147294021096847
Female,76+,341,305,0.0147931425948715
Female,76+,341,357,0.0302886924988302
Female,76+,345,290,0.0189762396428466
Female,76+,346,114,0.0705105154906456
Female,76+,346,208,0.0232351531350012
Female,76+,346,284,0.042811746923451
Female,76+,346,303,0.0251538174803575
Female,76+,348,259,0.0184079787316466
Female,76+,348,342,0.0248471450290673
Female,76+,348,354,0.0186867639576296
Female,76+,350,290,0.0154683628344435
Female,76+,353,100,0.0151814785913938
Female,76+,353,290,0.0118791851054358
Female,76+,353,371,0.0070476827342978
Female,76+,354,95,0.0221678819324777
Female,76+,356,112,0.0217487739259527
Female,76+,356,163,0.029453403677997
Female,76+,356,259,0.0209858311067517
Female,76+,356,354,0.021351119971214
Female,76+,359,338364,0.0177323741720759
Female,76+,360,219,0.0083025554340623
Female,76+,360,290,0.0151892018949926
Female,76+,360,291,0.0081716972542079
Female,76+,360,353,0.0306578664170589
Female,76+,364,162,0.0049191881179066
Female,76+,364,299,0.0072590369425033
Female,76+,364,338,0.0147558004980996
Female,76+,371,35,0.0108274622994322
Female,76+,371,139,0.0153197760762293
Female,76+,371,145,0.0290671026925866
Female,76+,371,239,0.0275447976752567
Female,76+,371,285,0.0278030802229442
Female,76+,100353,290,0.0318952283365806
Female,76+,166167,135,0.0221845963217297
Female,76+,166167,190,0.0231424595120062
Female,76+,166167,212,0.0228254431586342
Female,76+,239255,101,0.0242164497243868
Female,76+,239255,299,0.0233327561699095
Female,76+,338364,174,0.0105809900747868
Female,76+,338364,342,0.0247573502382136
Female,76+,338364,359,0.0183061404963586
Male,76+,2,235,0.022877444508026
Male,76+,5,131,0.0461135899865249
Male,76+,5,268,0.023998401231319
Male,76+,11,279,0.0247774116233474
Male,76+,18,214,0.0334863785568637
Male,76+,38,167,0.0350901716471061
Male,76+,38,239,0.0458975899863457
Male,76+,43,268,0.0091507014595339
Male,76+,46,269,0.0152281923066119
Male,76+,56,205,0.0567835728300786
Male,76+,71,72,0.0447535547629751
Male,76+,71,73,0.020436812077359
Male,76+,71,345,0.0203334457067711
Male,76+,72,218,0.024036259936135
Male,76+,73,38,0.0387319156127421
Male,76+,73,239,0.0965370047330287
Male,76+,73,282,0.0420038333597412
Male,76+,74,72,0.0295336726234976
Male,76+,74,73,0.0288709145022005
Male,76+,74,196,0.1102831636875253
Male,76+,74,339,0.0884885078016494
Male,76+,80,72,0.0270527086117931
Male,76+,80,178,0.027152828601703
Male,76+,93,46,0.0188819319482435
Male,76+,93,196,0.0386586610280668
Male,76+,95,18,0.0311372576074241
Male,76+,95,124,0.0306365714837278
Male,76+,95,226,0.0437270148329581
Male,76+,95,272,0.0316335543732731
Male,76+,99,100,0.0202945001385436
Male,76+,99,173,0.0089012185658294
Male,76+,100,112,0.0089751282631862
Male,76+,100,181,0.0214674099691982
Male,76+,100,345,0.0114010477367208
Male,76+,101,72,0.0243741017302175
Male,76+,110,153,0.0145927048009279
Male,76+,113,93,0.0329457907626263
Male,76+,113,166,0.0657723237471522
Male,76+,113,364,0.0474379883546881
Male,76+,114,120,0.0058324138773248
Male,76+,114,130,0.0150965675625408
Male,76+,114,140,0.0152801295792071
Male,76+,115,126,0.0237120443402657
Male,76+,115,173,0.0503319096694818
Male,76+,115,178,0.0246503584207343
Male,76+,115,284,0.0474038355724465
Male,76+,116,39,0.0230452765319228
Male,76+,116,345,0.0468188284585451
Male,76+,117,169,0.0360001186707693
Male,76+,117,350,0.0265435515246561
Male,76+,119,126,0.0214679840268545
Male,76+,119,208,0.0195617065501348
Male,76+,120,119,0.0294577254551202
Male,76+,120,190,0.0206508357038425
Male,76+,122,299,0.0304964868237696
Male,76+,123,131,0.080419060694399
Male,76+,123,268,0.0200106717079784
Male,76+,124,174,0.0120069135860634
Male,76+,126,131,0.037635150467724
Male,76+,126,178,0.0208105747733038
Male,76+,132,226,0.0451819754590522
Male,76+,132,284,0.0270212884763652
Male,76+,135,113,0.0272965529082363
Male,76+,135,126,0.0273510832033108
Male,76+,137,131,0.0369794836180896
Male,76+,139,239,0.0479091169844877
Male,76+,140,119,0.0080523959612083
Male,76+,140,139,0.0094577044446334
Male,76+,145,131,0.0321418430816979
Male,76+,145,148,0.0368955485727309
Male,76+,145,166,0.0944021925731805
Male,76+,145,190,0.0374065404781668
Male,76+,145,208,0.0363479232834265
Male,76+,145,341,0.0377246954091031
Male,76+,148,101,0.0181438237524382
Male,76+,148,199,0.0210980206580667
Male,76+,148,299,0.01801489146662
Male,76+,150,13,0.0225861124004862
Male,76+,150,230,0.0206315574683187
Male,76+,150,234,0.0317439686358261
Male,76+,159,190,0.0391440886646426
Male,76+,159,285,0.0360225477846292
Male,76+,162,164,0.0561027326841144
Male,76+,162,226,0.0321620297495647
Male,76+,163,164,0.0456617033042384
Male,76+,164,39,0.0077765710919715
Male,76+,164,163,0.0133449179317053
Male,76+,164,218,0.005978970777734
Male,76+,164,371,0.0056837258703979
Male,76+,166,181,0.0141707794657362
Male,76+,166,196,0.0212602973718696
Male,76+,166,339,0.0195427427832758
Male,76+,167,166,0.0285538975669328
Male,76+,167,339,0.0131216594510095
Male,76+,168,167,0.0177450716587547
Male,76+,169,93,0.0146097374988661
Male,76+,169,164,0.0369403124569355
Male,76+,169,166,0.030394517648389
Male,76+,169,269,0.0132585276495234
Male,76+,171,20,0.0141166185605002
Male,76+,174,73,0.0353173365857411
Male,76+,174,95,0.0560381329692155
Male,76+,176,101,0.0105987178666401
Male,76+,177,140,0.1071564977171516
Male,76+,177,359,0.0425138252195736
Male,76+,178,196,0.0712878834595341
Male,76+,178,100353,0.0434224191665465
Male,76+,181,2,0.0199070761069215
Male,76+,181,73,0.0099581992092697
Male,76+,181,199,0.023892027719353
Male,76+,181,234,0.01895160214085
Male,76+,182,183,0.0368375235797342
Male,76+,189,360,0.0203719916662081
Male,76+,190,113,0.0216012477461173
Male,76+,190,196,0.0522187346973902
Male,76+,192,299,0.0343179718997346
Male,76+,196,205,0.0094292085836933
Male,76+,196,212,0.0075806329666687
Male,76+,197,131,0.0389841491378712
Male,76+,197,199,0.0602022713673628
Male,76+,198,20,0.0452485555275801
Male,76+,198,101,0.0461245698200136
Male,76+,198,139,0.0460880687897367
Male,76+,198,279,0.046663855216081
Male,76+,199,100,0.0285625705611711
Male,76+,199,162,0.0210463028838898
Male,76+,199,166,0.034524479251269
Male,76+,201,13,0.0257296394305339
Male,76+,201,72,0.0258461893397363
Male,76+,201,371,0.025187413859752
Male,76+,205,20,0.0200915267142285
Male,76+,205,174,0.0210399693061913
Male,76+,209,38,0.0433951414886593
Male,76+,209,46,0.0436216003364108
Male,76+,209,126,0.0233103234547821
Male,76+,209,226,0.0665176664930147
Male,76+,209,279,0.0230911361114833
Male,76+,209,284,0.0428372538282545
Male,76+,210,342,0.0239180885262534
Male,76+,212,171,0.0435342907702537
Male,76+,214,126,0.0086504111778189
Male,76+,214,284,0.0159173632971839
Male,76+,214,299,0.0180441000969341
Male,76+,218,135,0.0192438465100381
Male,76+,218,350,0.0384893038911285
Male,76+,219,13,0.0265009277361453
Male,76+,219,44,0.0744187812386044
Male,76+,219,299,0.0539948113389136
Male,76+,219,341,0.0257509289268739
Male,76+,220,214,0.0548772101645973
Male,76+,220,371,0.0299309736704971
Male,76+,222,226,0.0279760699471286
Male,76+,222,279,0.0144814606546821
Male,76+,223,72,0.0292415211725912
Male,76+,223,130,0.1093483388345836
Male,76+,223,153,0.0304144785916749
Male,76+,223,164,0.0794431492014351
Male,76+,223,174,0.0307216272914957
Male,76+,223,176,0.0832828509348658
Male,76+,223,268,0.0309968924060656
Male,76+,226,56,0.0103755037748862
Male,76+,226,235,0.0126470752326674
Male,76+,230,13,0.0150157285611815
Male,76+,230,14,0.0237373134362138
Male,76+,234,2,0.0174848583544713
Male,76+,235,13,0.0244092865501517
Male,76+,236,31,0.0357798776725057
Male,76+,236,100,0.0695144292782386
Male,76+,236,169,0.0740851207379094
Male,76+,236,178,0.0400800252479347
Male,76+,236,234,0.0521883421904809
Male,76+,236,235,0.038196697129494
Male,76+,236,359,0.0386225427456807
Male,76+,236,371,0.0385634506220361
Male,76+,239,2,0.0172653690266293
Male,76+,239,38,0.0140951967994844
Male,76+,240,169,0.047105855571198
Male,76+,241,72,0.0235531327325504
Male,76+,241,287,0.0520278494638779
Male,76+,249,13,0.0354857726033856
Male,76+,249,38,0.032233058640924
Male,76+,249,72,0.0205295513112705
Male,76+,266,183,0.0202282535111058
Male,76+,266,234,0.0285791053390275
Male,76+,268,266,0.0384562355297852
Male,76+,269,56,0.0199871466518709
Male,76+,272,113,0.017686364725708
Male,76+,272,338364,0.0278195860236822
Male,76+,273,23,0.0278674943319774
Male,76+,273,71,0.0290723240027347
Male,76+,274,72,0.0226587835761374
Male,76+,274,164,0.1162976002166625
Male,76+,274,167,0.0891885696962152
Male,76+,274,342,0.0247671592068924
Male,76+,279,31,0.0311584082259266
Male,76+,279,288,0.0336511617810061
Male,76+,282,218,0.0203175798384929
Male,76+,282,226,0.0348832819674851
Male,76+,282,269,0.0186663386467111
Male,76+,282,371,0.0186447338334948
Male,76+,284,285,0.0239682849142492
Male,76+,284,287,0.0207756934257089
Male,76+,285,32,0.0323703143674632
Male,76+,287,110,0.0200155469947999
Male,76+,287,132,0.0210074786571039
Male,76+,287,288,0.0507863729125153
Male,76+,288,126,0.0171913103150065
Male,76+,288,132,0.016992956557311
Male,76+,295,39,0.020563119618647
Male,76+,295,93,0.0403516536954909
Male,76+,295,199,0.038159623242004
Male,76+,295,284,0.0618977063265032
Male,76+,299,272,0.0245208685731705
Male,76+,299,287,0.0337986375490779
Male,76+,299,288,0.0234728434915557
Male,76+,299,341,0.0163638013310435
Male,76+,299,371,0.0162446216866684
Male,76+,317,119,0.0574528706706462
Male,76+,317,222,0.0557243354895142
Male,76+,317,288,0.0592850144012724
Male,76+,317,364,0.0764215521352942
Male,76+,317,371,0.0292388814897708
Male,76+,324,56,0.0238206831874981
Male,76+,324,72,0.0235898102702456
Male,76+,324,119,0.0454158609171021
Male,76+,324,268,0.023858544894627
Male,76+,324,341,0.0230797706532015
Male,76+,338,339,0.0255864967514198
Male,76+,338,353,0.0306440069243782
Male,76+,338,364,0.0508584200983284
Male,76+,339,178,0.0150988798336998
Male,76+,339,181,0.0460112471622809
Male,76+,339,205,0.0276531578202047
Male,76+,341,199,0.0517170497570098
Male,76+,341,239,0.1006141526859559
Male,76+,341,268,0.0271881179100302
Male,76+,341,342,0.02480059858227
Male,76+,341,359,0.0540169234059531
Male,76+,342,135,0.0220959097946683
Male,76+,342,174,0.021621861528181
Male,76+,342,266,0.0426375238724182
Male,76+,345,110,0.0319968358666591
Male,76+,350,18,0.0237933854531699
Male,76+,350,338364,0.0163234541838705
Male,76+,353,350,0.0150819758047475
Male,76+,353,371,0.0161839660557695
Male,76+,356,112,0.027864061522562
Male,76+,356,171,0.0525800355128332
Male,76+,356,268,0.028653921717125
Male,76+,356,342,0.028601504895504
Male,76+,359,269,0.020919488251697
Male,76+,359,282,0.0217737754457658
Male,76+,359,364,0.0457297511804737
Male,76+,360,359,0.0254634473908922
Male,76+,364,338,0.0250809294841473
Male,76+,371,299,0.0555822260027535
Male,76+,100353,364,0.0561845631668739
Male,76+,162163,124,0.047130741012949
Male,76+,162163,148,0.0491462459339436
Male,76+,162163,164,0.0865920979117692
Male,76+,162163,218,0.0239200758042991
Male,76+,162163,268,0.0247924251818493
Male,76+,162164,72,0.0308537019093433
Male,76+,162164,169,0.0564121336892324
Male,76+,166167,112,0.0250463868583736
Male,76+,166167,205,0.0784113652987189
Male,76+,166167,230,0.0510893852461201
Male,76+,338364,46,0.0327552341715738
Male,76+,338364,73,0.0161567527081885
